	UPA Vila Assis	UPA PEDREIRA - Dr. César Antunes da Rocha	Unidade de Pronto Atendimento - UPA Zaíra	AMA 24h Capão Redondo	UPA Rudge Ramos	UPA St. John - Lavras	UPA VICENTE MISSIANO	UPA Sacadura Cabral	UPA Vila Mariana	Unidade de Pronto Atendimento Akira Tada	UPA - Pauliceia Taboão	Unidade Avançada Carlos Chagas	AMA SOROCABANA -PRONTO ATENDIMENTO	UPA Paulista - Unidade de Pronto Atendimento	UPA Vergueiro	UPA Tito Lopes	UPA Vila Santa Catarina
2023-07-09	42.75	38.125	31.958333333333332	42.625	36.958333333333336	48.916666666666664	35.333333333333336	43.916666666666664	35.083333333333336	24.125	43.375	30.125	20.541666666666668	42.541666666666664	30.5	47.833333333333336	53.625
2023-07-10	50.130434782608695	51.833333333333336	46.541666666666664	56.25	58.791666666666664	59.041666666666664	44.833333333333336	57.375	59.083333333333336	41.333333333333336	39.708333333333336	59.041666666666664	40.166666666666664	57.666666666666664	51.458333333333336	59.5	67.29166666666667
2023-07-11	53.25	50.25	40.5	55.583333333333336	53.75	67.0	49.0	62.25	55.791666666666664	42.208333333333336	38.166666666666664	59.333333333333336	50.958333333333336	57.166666666666664	49.416666666666664	61.375	59.583333333333336
2023-07-12	50.75	51.583333333333336	43.958333333333336	52.625	49.0	56.125	31.208333333333332	53.458333333333336	57.208333333333336	44.333333333333336	45.916666666666664	59.25	40.791666666666664	63.791666666666664	52.25	53.75	59.208333333333336
2023-07-13	41.916666666666664	46.75	32.0	47.5	39.291666666666664	51.458333333333336	47.375	47.0	46.916666666666664	40.416666666666664	36.208333333333336	55.041666666666664	47.0	55.458333333333336	47.708333333333336	53.875	52.5
2023-07-14	39.958333333333336	46.833333333333336	40.333333333333336	43.25	37.291666666666664	49.791666666666664	37.666666666666664	47.041666666666664	38.666666666666664	32.625	33.833333333333336	50.916666666666664	39.541666666666664	47.291666666666664	43.916666666666664	37.333333333333336	53.0
2023-07-15	35.375	28.791666666666668	38.208333333333336	38.916666666666664	32.625	41.583333333333336	40.291666666666664	38.458333333333336	26.666666666666668	27.5	30.375	27.875	34.416666666666664	46.916666666666664	31.0	42.041666666666664	27.416666666666668
2023-07-16	48.916666666666664	18.541666666666668	32.958333333333336	30.666666666666668	29.125	34.75	29.857142857142858	40.208333333333336	26.458333333333332	32.5	35.791666666666664	23.083333333333332	19.75	38.25	27.208333333333332	40.208333333333336	32.0
2023-07-17	42.083333333333336	34.708333333333336	33.916666666666664	39.333333333333336	41.541666666666664	46.166666666666664	33.666666666666664	50.166666666666664	46.916666666666664	45.666666666666664	43.166666666666664	44.0	41.25	49.083333333333336	38.916666666666664	49.416666666666664	38.0
2023-07-18	42.0	29.708333333333332	33.333333333333336	41.0	41.041666666666664	40.166666666666664	32.375	46.69565217391305	46.208333333333336	40.958333333333336	42.375	36.75	39.375	45.833333333333336	40.958333333333336	46.375	38.958333333333336
2023-07-19	35.25	30.791666666666668	30.583333333333332	35.583333333333336	36.916666666666664	50.083333333333336	35.916666666666664	43.125	43.0	30.958333333333332	41.333333333333336	42.458333333333336	39.666666666666664	44.458333333333336	41.625	42.583333333333336	33.5
2023-07-20	36.916666666666664	35.083333333333336	35.583333333333336	40.625	38.041666666666664	45.0	42.125	47.208333333333336	42.083333333333336	31.5	35.5	36.958333333333336	43.291666666666664	50.166666666666664	41.291666666666664	36.291666666666664	36.916666666666664
2023-07-21	43.625	27.875	35.375	41.208333333333336	32.75	46.125	36.458333333333336	39.208333333333336	42.375	34.166666666666664	34.541666666666664	40.291666666666664	44.541666666666664	48.416666666666664	39.291666666666664	39.583333333333336	36.25
2023-07-22	35.416666666666664	24.958333333333332	40.25	37.5	34.166666666666664	40.958333333333336	30.541666666666668	40.333333333333336	30.5	28.291666666666668	36.041666666666664	23.125	31.458333333333332	40.25	33.541666666666664	35.375	33.291666666666664
2023-07-23	42.875	17.875	31.5	31.875	26.708333333333332	33.458333333333336	18.166666666666668	36.791666666666664	26.166666666666668	22.458333333333332	27.625	16.916666666666668	22.041666666666668	43.875	32.583333333333336	33.0	31.958333333333332
2023-07-24	38.75	35.125	36.375	44.625	43.75	45.791666666666664	56.791666666666664	37.625	47.041666666666664	38.458333333333336	39.166666666666664	50.708333333333336	42.75	50.416666666666664	52.5	47.833333333333336	42.041666666666664
2023-07-25	44.125	41.875	37.666666666666664	45.625	41.458333333333336	52.166666666666664	35.166666666666664	38.291666666666664	43.666666666666664	46.625	47.75	61.958333333333336	45.208333333333336	52.125	45.583333333333336	41.958333333333336	46.458333333333336
2023-07-26	43.916666666666664	43.583333333333336	42.708333333333336	47.625	46.333333333333336	52.208333333333336	49.708333333333336	42.75	48.25	41.291666666666664	45.208333333333336	48.666666666666664	43.041666666666664	45.916666666666664	49.541666666666664	39.625	50.25
2023-07-27	43.916666666666664	38.791666666666664	38.625	48.583333333333336	44.458333333333336	47.125	37.041666666666664	42.583333333333336	46.625	45.0	45.791666666666664	51.333333333333336	41.791666666666664	53.5	40.916666666666664	40.25	47.43478260869565
2023-07-28	47.25	40.416666666666664	34.75	49.875	40.583333333333336	48.5	40.166666666666664	44.75	45.083333333333336	38.333333333333336	42.833333333333336	48.291666666666664	43.833333333333336	44.916666666666664	46.708333333333336	42.375	41.666666666666664
2023-07-29	45.0	34.5	37.75	38.416666666666664	30.375	42.083333333333336	33.791666666666664	37.25	29.041666666666668	32.291666666666664	40.375	31.75	33.125	45.083333333333336	34.833333333333336	35.916666666666664	29.583333333333332
2023-07-30	51.583333333333336	23.583333333333332	30.583333333333332	33.5	30.541666666666668	34.333333333333336	29.416666666666668	35.0	28.291666666666668	28.5	34.916666666666664	17.791666666666668	23.041666666666668	42.416666666666664	32.625	37.083333333333336	35.416666666666664
2023-07-31	55.791666666666664	37.958333333333336	38.625	52.125	46.833333333333336	48.958333333333336	49.875	46.25	47.708333333333336	50.0	50.791666666666664	54.416666666666664	45.208333333333336	56.333333333333336	48.666666666666664	57.375	48.5
2023-08-01	59.041666666666664	44.666666666666664	46.375	54.833333333333336	41.416666666666664	51.833333333333336	52.5	46.833333333333336	49.958333333333336	57.0	56.041666666666664	51.5	43.958333333333336	52.666666666666664	48.291666666666664	58.083333333333336	43.083333333333336
2023-08-02	52.291666666666664	43.583333333333336	44.75	51.041666666666664	41.083333333333336	49.875	45.0	43.291666666666664	53.875	48.916666666666664	49.5	49.0	45.166666666666664	53.125	60.958333333333336	58.666666666666664	48.833333333333336
2023-08-03	50.166666666666664	46.875	45.875	52.916666666666664	43.5	53.625	70.6086956521739	41.375	53.166666666666664	52.875	50.166666666666664	52.708333333333336	54.25	56.958333333333336	57.25	64.58333333333333	54.833333333333336
2023-08-04	48.833333333333336	55.125	46.416666666666664	61.666666666666664	41.166666666666664	54.916666666666664	68.25	49.583333333333336	58.666666666666664	48.625	60.25	49.0	50.0	63.125	65.375	55.333333333333336	55.166666666666664
2023-08-05	50.666666666666664	56.5	56.875	52.916666666666664	35.5	43.833333333333336	44.208333333333336	40.583333333333336	47.166666666666664	45.833333333333336	61.541666666666664	28.666666666666668	47.875	57.25	60.875	52.625	44.916666666666664
2023-08-06	54.958333333333336	37.416666666666664	39.5	46.208333333333336	37.416666666666664	43.0	24.391304347826086	38.5	33.82608695652174	38.875	37.791666666666664	26.625	30.166666666666668	45.375	51.5	53.25	49.625
2023-08-07	53.333333333333336	66.25	51.958333333333336	61.041666666666664	58.25	60.458333333333336	49.458333333333336	47.625	61.875	59.958333333333336	55.125	56.208333333333336	56.416666666666664	69.16666666666667	72.875	69.70833333333333	70.125
2023-08-08	47.916666666666664	60.041666666666664	45.875	58.208333333333336	47.666666666666664	59.25	64.08333333333333	46.625	60.416666666666664	63.833333333333336	53.208333333333336	53.666666666666664	53.833333333333336	66.91666666666667	68.375	63.166666666666664	69.5
2023-08-09	49.083333333333336	64.66666666666667	45.708333333333336	61.583333333333336	53.125	58.541666666666664	60.5	45.666666666666664	56.666666666666664	60.291666666666664	54.25	56.666666666666664	57.166666666666664	59.25	53.458333333333336	63.541666666666664	70.95833333333333
2023-08-10	51.458333333333336	67.54166666666667	37.458333333333336	61.375	46.833333333333336	55.458333333333336	63.041666666666664	46.0	56.125	54.833333333333336	51.333333333333336	52.583333333333336	53.875	64.95833333333333	70.41666666666667	60.375	67.625
2023-08-11	49.791666666666664	66.58333333333333	54.958333333333336	63.375	45.041666666666664	59.25	56.391304347826086	39.666666666666664	61.875	49.791666666666664	47.416666666666664	46.416666666666664	52.333333333333336	59.916666666666664	64.29166666666667	58.75	67.70833333333333
2023-08-12	31.875	53.7	37.333333333333336	45.0	31.375	34.791666666666664	57.04545454545455	24.208333333333332	32.291666666666664	35.05263157894737	33.833333333333336	21.041666666666668	39.041666666666664	32.833333333333336	39.75	35.791666666666664	39.0
2023-08-20	46.625	50.958333333333336	43.541666666666664	53.333333333333336	39.583333333333336	50.75	37.083333333333336	40.75	46.125	42.416666666666664	38.791666666666664	27.708333333333332	31.875	52.041666666666664	52.69565217391305	58.0	67.79166666666667
2023-08-21	57.75	77.95833333333333	54.083333333333336	77.5	64.625	70.125	67.125	53.541666666666664	65.41666666666667	74.95833333333333	57.333333333333336	66.79166666666667	63.333333333333336	71.41666666666667	76.25	78.29166666666667	71.91666666666667
2023-08-22	53.458333333333336	67.54166666666667	53.791666666666664	68.66666666666667	65.04166666666667	56.75	64.20833333333333	51.916666666666664	65.54166666666667	55.208333333333336	51.958333333333336	51.583333333333336	57.375	65.45833333333333	64.95833333333333	64.125	72.25
2023-08-23	52.5	67.25	53.0	78.16666666666667	56.541666666666664	66.20833333333333	64.95833333333333	49.125	71.54166666666667	58.541666666666664	53.125	60.791666666666664	60.75	71.125	62.083333333333336	71.54166666666667	77.5
2023-08-24	53.375	66.70833333333333	58.083333333333336	73.375	53.041666666666664	61.708333333333336	57.791666666666664	46.625	66.125	57.208333333333336	48.916666666666664	53.958333333333336	57.0	66.20833333333333	62.083333333333336	62.5	68.41666666666667
2023-08-25	48.166666666666664	58.291666666666664	48.375	67.6086956521739	47.416666666666664	63.083333333333336	59.75	41.375	61.25	47.125	55.625	46.875	57.25	59.416666666666664	51.041666666666664	61.75	67.25
2023-08-26	38.916666666666664	45.416666666666664	48.083333333333336	60.791666666666664	39.625	50.75	45.291666666666664	35.666666666666664	40.416666666666664	46.0	31.25	28.166666666666668	43.291666666666664	52.791666666666664	48.416666666666664	47.25	53.0
2023-08-27	37.958333333333336	35.708333333333336	31.291666666666668	38.5	33.666666666666664	42.833333333333336	46.458333333333336	31.666666666666668	35.666666666666664	31.458333333333332	31.75	20.416666666666668	27.5	38.208333333333336	40.416666666666664	44.833333333333336	47.5
2023-08-28	53.458333333333336	62.5	47.875	70.125	45.958333333333336	53.666666666666664	56.166666666666664	42.583333333333336	58.625	48.708333333333336	38.916666666666664	47.333333333333336	55.541666666666664	61.625	57.833333333333336	65.33333333333333	64.375
2023-08-29	48.708333333333336	65.45833333333333	47.416666666666664	73.0	50.458333333333336	66.08333333333333	45.0	50.5	59.166666666666664	54.833333333333336	45.833333333333336	51.125	60.041666666666664	66.33333333333333	57.041666666666664	69.41666666666667	62.75
2023-08-30	49.541666666666664	70.0	48.041666666666664	72.41666666666667	43.916666666666664	64.0	66.33333333333333	47.583333333333336	65.375	50.291666666666664	45.125	40.875	61.208333333333336	67.25	59.833333333333336	68.54166666666667	64.33333333333333
2023-08-31	52.458333333333336	65.0	57.0	73.33333333333333	44.75	68.875	60.541666666666664	44.083333333333336	64.70833333333333	46.916666666666664	48.25	45.875	58.041666666666664	69.20833333333333	53.083333333333336	62.541666666666664	71.0
2023-09-01	56.375	65.58333333333333	50.208333333333336	75.875	44.5	63.916666666666664	51.791666666666664	55.5	67.20833333333333	57.583333333333336	35.041666666666664	45.666666666666664	64.5	69.66666666666667	53.458333333333336	60.333333333333336	70.83333333333333
2023-09-02	46.125	53.458333333333336	53.083333333333336	63.541666666666664	32.791666666666664	63.833333333333336	60.333333333333336	36.541666666666664	47.541666666666664	38.833333333333336	34.708333333333336	27.208333333333332	46.791666666666664	61.166666666666664	41.791666666666664	57.083333333333336	64.5
2023-09-03	45.875	43.875	41.166666666666664	52.583333333333336	34.375	50.916666666666664	33.666666666666664	37.083333333333336	34.375	39.541666666666664	37.708333333333336	23.416666666666668	28.375	55.791666666666664	45.916666666666664	51.5	58.75
2023-09-04	54.916666666666664	64.95833333333333	51.875	74.75	47.25	63.458333333333336	51.708333333333336	48.916666666666664	59.208333333333336	61.916666666666664	43.75	48.666666666666664	55.75	71.08333333333333	54.208333333333336	72.58333333333333	74.58333333333333
2023-09-05	53.0	56.75	57.166666666666664	76.25	45.208333333333336	64.41666666666667	57.958333333333336	47.75	57.125	56.916666666666664	33.708333333333336	47.0	62.75	63.458333333333336	60.333333333333336	61.25	67.91666666666667
2023-09-06	50.25	62.75	57.0	73.66666666666667	40.958333333333336	60.333333333333336	61.82608695652174	44.625	57.666666666666664	52.583333333333336	35.166666666666664	45.625	61.375	67.25	56.416666666666664	58.416666666666664	64.125
2023-09-07	36.916666666666664	44.75	39.041666666666664	54.875	33.5	54.083333333333336	39.708333333333336	35.0	38.458333333333336	41.458333333333336	26.875	24.458333333333332	36.708333333333336	48.333333333333336	39.041666666666664	50.958333333333336	51.458333333333336
2023-09-08	48.458333333333336	58.625	50.916666666666664	67.95833333333333	39.0	57.5	70.0	42.166666666666664	43.69565217391305	52.833333333333336	27.47826086956522	38.541666666666664	49.875	62.208333333333336	48.833333333333336	59.25	61.125
2023-09-09	42.833333333333336	52.458333333333336	59.0	59.041666666666664	36.875	52.75	52.25	37.958333333333336	34.916666666666664	37.75	25.875	23.375	37.75	47.958333333333336	45.5	51.708333333333336	47.666666666666664
2023-09-10	44.666666666666664	46.958333333333336	44.43478260869565	43.333333333333336	37.666666666666664	44.708333333333336	53.791666666666664	29.583333333333332	32.166666666666664	42.791666666666664	24.916666666666668	18.583333333333332	25.666666666666668	42.666666666666664	31.75	52.208333333333336	47.291666666666664
2023-09-11	49.5	55.041666666666664	59.458333333333336	72.58333333333333	50.25	60.625	52.541666666666664	51.625	67.70833333333333	64.95833333333333	34.625	56.708333333333336	52.208333333333336	64.95833333333333	51.0	64.66666666666667	69.33333333333333
2023-09-12	52.0	67.79166666666667	61.333333333333336	78.70833333333333	55.416666666666664	65.625	73.625	53.708333333333336	69.75	59.666666666666664	41.541666666666664	45.708333333333336	62.458333333333336	69.5	59.541666666666664	67.0	77.0
2023-09-13	53.375	63.583333333333336	51.541666666666664	75.58333333333333	50.75	68.125	62.833333333333336	52.416666666666664	63.333333333333336	61.375	39.65217391304348	50.166666666666664	60.416666666666664	69.33333333333333	66.625	68.25	69.45833333333333
2023-09-14	47.25	64.41666666666667	55.083333333333336	70.54166666666667	44.458333333333336	61.916666666666664	52.208333333333336	53.375	61.708333333333336	64.41666666666667	35.541666666666664	48.875	58.208333333333336	71.75	54.333333333333336	61.75	70.58333333333333
2023-09-15	58.416666666666664	67.20833333333333	60.708333333333336	71.20833333333333	44.541666666666664	73.70833333333333	70.33333333333333	53.875	63.25	53.291666666666664	37.333333333333336	44.916666666666664	61.583333333333336	72.5	53.583333333333336	53.25	73.41666666666667
2023-09-16	42.708333333333336	54.5	43.416666666666664	55.583333333333336	30.333333333333332	47.708333333333336	43.416666666666664	39.541666666666664	40.458333333333336	40.0	32.291666666666664	23.708333333333332	43.416666666666664	53.541666666666664	37.916666666666664	43.5	58.291666666666664
2023-09-17	26.333333333333332	15.75	19.26086956521739	18.333333333333332	12.5	16.041666666666668	17.916666666666668	9.041666666666666	10.772727272727273	9.875	7.791666666666667	5.208333333333333	4.083333333333333	12.652173913043478	12.583333333333334	15.0	20.625
2023-09-18	31.666666666666668	48.083333333333336	32.083333333333336	45.208333333333336	27.791666666666668	45.166666666666664	44.791666666666664	36.125	36.333333333333336	44.375	25.5	32.166666666666664	37.625	52.3	33.333333333333336	52.666666666666664	43.041666666666664
2023-09-19	61.25	65.33333333333333	57.791666666666664	75.83333333333333	47.25	72.25	53.5	60.083333333333336	64.70833333333333	69.45833333333333	48.791666666666664	52.416666666666664	60.125	74.04166666666667	69.08333333333333	64.625	67.41666666666667
2023-09-20	54.625	60.916666666666664	54.5	71.375	49.291666666666664	68.54166666666667	74.20833333333333	49.083333333333336	61.083333333333336	62.541666666666664	43.291666666666664	45.791666666666664	57.166666666666664	68.34782608695652	63.541666666666664	64.95833333333333	70.04166666666667
2023-09-21	54.458333333333336	72.75	56.541666666666664	76.33333333333333	50.125	70.04166666666667	60.958333333333336	47.958333333333336	65.625	58.708333333333336	50.75	53.166666666666664	55.708333333333336	71.66666666666667	58.375	71.29166666666667	73.70833333333333
2023-09-22	49.916666666666664	65.41666666666667	50.958333333333336	73.04166666666667	43.875	70.625	65.58333333333333	51.25	59.5	62.333333333333336	44.25	47.25	56.333333333333336	65.95833333333333	59.041666666666664	63.708333333333336	66.625
2023-09-23	44.166666666666664	62.166666666666664	67.29166666666667	70.95833333333333	42.833333333333336	60.125	60.791666666666664	45.0	49.25	43.166666666666664	32.375	27.5	46.916666666666664	57.625	45.125	53.833333333333336	52.625
2023-09-24	49.583333333333336	43.541666666666664	44.791666666666664	47.458333333333336	31.708333333333332	57.5	49.791666666666664	40.333333333333336	36.375	36.791666666666664	26.291666666666668	18.958333333333332	26.166666666666668	48.291666666666664	35.833333333333336	51.083333333333336	57.708333333333336
2023-09-25	51.5	72.0	57.25	77.20833333333333	53.833333333333336	75.54166666666667	56.875	53.083333333333336	61.416666666666664	68.29166666666667	47.833333333333336	51.833333333333336	52.416666666666664	70.95833333333333	63.083333333333336	71.58333333333333	69.29166666666667
2023-09-26	47.5	66.33333333333333	57.666666666666664	79.91666666666667	50.208333333333336	71.66666666666667	65.04166666666667	57.583333333333336	67.875	71.25	60.625	58.0	60.0	69.66666666666667	63.666666666666664	73.20833333333333	65.52173913043478
2023-09-27	48.875	48.166666666666664	48.708333333333336	62.708333333333336	45.0	69.20833333333333	48.583333333333336	55.375	54.041666666666664	57.791666666666664	48.875	44.0	51.916666666666664	56.833333333333336	59.041666666666664	58.75	54.708333333333336
2023-09-28	38.416666666666664	43.583333333333336	34.583333333333336	47.625	39.541666666666664	54.25	67.41666666666667	51.875	42.541666666666664	53.583333333333336	36.0	42.416666666666664	50.333333333333336	55.25	53.166666666666664	55.375	51.25
2023-09-29	44.666666666666664	45.166666666666664	41.833333333333336	49.5	39.75	58.875	57.625	54.041666666666664	47.708333333333336	53.041666666666664	33.541666666666664	45.0	51.208333333333336	53.333333333333336	41.958333333333336	54.208333333333336	42.708333333333336
2023-09-30	39.458333333333336	37.125	45.208333333333336	44.666666666666664	37.708333333333336	47.583333333333336	67.08333333333333	44.166666666666664	32.5	44.666666666666664	34.5	30.833333333333332	34.208333333333336	42.208333333333336	32.541666666666664	52.625	42.5
2023-10-01	37.916666666666664	18.791666666666668	29.0	28.5	28.5	39.208333333333336	40.291666666666664	38.166666666666664	23.958333333333332	32.625	17.782608695652176	22.416666666666668	15.625	37.708333333333336	34.291666666666664	38.583333333333336	31.75
2023-10-02	38.041666666666664	39.416666666666664	38.375	46.25	45.416666666666664	48.916666666666664	52.833333333333336	49.791666666666664	48.166666666666664	61.083333333333336	50.125	53.0	38.583333333333336	52.75	48.25	64.54166666666667	49.25
2023-10-03	35.5	39.125	38.916666666666664	41.958333333333336	41.083333333333336	49.208333333333336	40.791666666666664	45.333333333333336	45.083333333333336	57.375	45.083333333333336	53.791666666666664	36.291666666666664	45.208333333333336	42.625	51.666666666666664	40.75
2023-10-04	32.791666666666664	34.458333333333336	30.625	39.416666666666664	38.458333333333336	53.166666666666664	69.33333333333333	45.875	46.791666666666664	58.541666666666664	36.833333333333336	49.333333333333336	38.25	50.083333333333336	53.625	53.0	47.875
2023-10-05	32.375	28.166666666666668	31.333333333333332	39.041666666666664	43.416666666666664	46.375	64.20833333333333	48.375	57.125	49.833333333333336	47.75	53.083333333333336	35.875	44.166666666666664	52.333333333333336	48.958333333333336	48.541666666666664
2023-10-06	31.25	28.666666666666668	33.583333333333336	34.916666666666664	44.666666666666664	54.041666666666664	74.16666666666667	47.333333333333336	46.666666666666664	50.541666666666664	44.666666666666664	50.375	33.125	45.125	53.416666666666664	60.875	44.083333333333336
2023-10-07	30.833333333333332	26.416666666666668	26.083333333333332	31.458333333333332	33.083333333333336	43.833333333333336	66.95833333333333	43.0	32.25	40.166666666666664	36.916666666666664	24.583333333333332	22.541666666666668	37.25	37.791666666666664	39.625	31.041666666666668
2023-10-08	26.458333333333332	22.791666666666668	25.583333333333332	25.875	30.333333333333332	38.333333333333336	65.5	32.916666666666664	28.541666666666668	39.625	30.791666666666668	18.166666666666668	16.416666666666668	31.041666666666668	34.083333333333336	41.291666666666664	37.25
2023-10-09	33.625	29.166666666666668	29.166666666666668	38.666666666666664	41.416666666666664	45.125	66.29166666666667	44.208333333333336	45.208333333333336	54.666666666666664	51.541666666666664	48.875	27.416666666666668	42.166666666666664	52.875	56.416666666666664	50.833333333333336
2023-10-10	32.791666666666664	33.125	28.416666666666668	36.75	41.5	42.875	55.958333333333336	46.375	52.583333333333336	51.958333333333336	43.666666666666664	45.5	29.125	42.708333333333336	45.291666666666664	56.833333333333336	47.708333333333336
2023-10-11	30.875	27.0	26.083333333333332	35.0	38.833333333333336	38.875	50.666666666666664	49.208333333333336	50.458333333333336	50.666666666666664	44.208333333333336	39.458333333333336	28.125	46.958333333333336	45.625	52.791666666666664	50.875
2023-10-12	27.916666666666668	22.208333333333332	19.916666666666668	22.125	29.583333333333332	35.875	52.75	32.5	30.041666666666668	33.125	31.5	16.583333333333332	20.416666666666668	32.833333333333336	34.125	38.5	34.625
2023-10-13	26.666666666666668	24.25	28.583333333333332	32.541666666666664	36.541666666666664	35.583333333333336	53.833333333333336	29.416666666666668	41.75	45.333333333333336	32.458333333333336	32.208333333333336	29.541666666666668	33.416666666666664	48.75	42.416666666666664	43.583333333333336
2023-10-14	29.666666666666668	28.25	22.083333333333332	32.291666666666664	30.125	28.416666666666668	51.291666666666664	33.583333333333336	39.208333333333336	35.625	34.416666666666664	26.583333333333332	26.125	33.416666666666664	34.875	43.708333333333336	34.375
2023-10-15	36.458333333333336	21.875	28.25	28.041666666666668	28.125	30.583333333333332	35.458333333333336	32.708333333333336	25.25	33.666666666666664	30.833333333333332	18.375	16.708333333333332	30.125	37.083333333333336	39.916666666666664	36.916666666666664
2023-10-16	32.291666666666664	31.666666666666668	27.833333333333332	37.791666666666664	45.166666666666664	48.875	67.20833333333333	44.708333333333336	55.666666666666664	55.5	44.375	53.791666666666664	28.5	50.583333333333336	46.916666666666664	61.625	53.208333333333336
2023-10-17	33.541666666666664	27.666666666666668	29.333333333333332	32.875	41.166666666666664	41.041666666666664	35.833333333333336	40.083333333333336	46.75	48.0	43.65217391304348	50.291666666666664	25.541666666666668	46.875	47.375	44.625	47.083333333333336
2023-10-18	34.208333333333336	31.583333333333332	28.958333333333332	35.416666666666664	39.875	44.791666666666664	29.291666666666668	43.333333333333336	50.458333333333336	38.916666666666664	44.5	39.291666666666664	29.208333333333332	46.666666666666664	40.041666666666664	48.5	50.75
2023-10-19	33.583333333333336	40.833333333333336	30.291666666666668	34.375	50.958333333333336	42.666666666666664	36.125	49.166666666666664	50.375	51.333333333333336	55.166666666666664	46.125	28.083333333333332	52.25	51.041666666666664	46.791666666666664	45.583333333333336
2023-10-20	37.166666666666664	37.291666666666664	36.083333333333336	29.958333333333332	50.75	40.91304347826087	34.5	49.208333333333336	45.541666666666664	41.083333333333336	51.166666666666664	48.75	28.833333333333332	48.125	41.666666666666664	49.26086956521739	50.25
2023-10-21	34.916666666666664	45.208333333333336	27.0	25.666666666666668	52.416666666666664	36.375	35.333333333333336	37.25	36.208333333333336	33.083333333333336	48.166666666666664	24.083333333333332	21.5	43.0	38.0	41.75	38.208333333333336
2023-10-22	37.25	25.666666666666668	25.125	22.166666666666668	53.166666666666664	34.375	24.291666666666668	31.791666666666668	29.291666666666668	34.125	40.0	20.125	14.416666666666666	34.625	33.166666666666664	37.666666666666664	36.375
2023-10-23	27.583333333333332	36.833333333333336	35.26086956521739	39.583333333333336	65.54166666666667	40.375	37.25	55.0	48.0	51.458333333333336	51.625	46.291666666666664	29.583333333333332	45.0	50.833333333333336	55.041666666666664	45.666666666666664
2023-10-24	39.375	33.25	39.875	38.583333333333336	47.208333333333336	48.125	51.666666666666664	53.875	48.625	58.666666666666664	58.5	49.583333333333336	30.708333333333332	54.916666666666664	57.958333333333336	48.583333333333336	53.291666666666664
2023-10-25	40.625	32.208333333333336	35.833333333333336	35.583333333333336	54.916666666666664	47.5	51.75	52.833333333333336	50.458333333333336	42.708333333333336	52.75	41.416666666666664	33.458333333333336	54.958333333333336	62.708333333333336	48.875	48.541666666666664
2023-10-26	39.333333333333336	33.5	36.458333333333336	34.083333333333336	47.916666666666664	47.0	59.208333333333336	50.958333333333336	51.0	50.083333333333336	58.083333333333336	39.291666666666664	31.958333333333332	50.625	44.208333333333336	51.208333333333336	50.541666666666664
2023-10-27	35.583333333333336	39.0	30.041666666666668	33.0	48.708333333333336	46.708333333333336	49.166666666666664	50.166666666666664	47.75	43.875	51.291666666666664	39.5	32.666666666666664	53.125	23.916666666666668	44.708333333333336	46.541666666666664
2023-10-28	38.958333333333336	39.375	27.833333333333332	29.375	41.875	40.375	32.916666666666664	48.125	35.25	38.25	42.875	27.375	24.333333333333332	34.875	13.083333333333334	38.416666666666664	42.791666666666664
2023-10-29	35.583333333333336	27.291666666666668	24.75	28.333333333333332	45.208333333333336	35.375	26.75	37.833333333333336	27.083333333333332	27.958333333333332	46.708333333333336	17.875	15.916666666666666	34.916666666666664	13.25	40.875	42.458333333333336
2023-10-30	44.916666666666664	43.666666666666664	41.416666666666664	40.416666666666664	59.208333333333336	54.583333333333336	55.666666666666664	59.541666666666664	50.291666666666664	51.916666666666664	59.75	45.583333333333336	30.875	62.541666666666664	20.583333333333332	55.916666666666664	58.75
2023-10-31	46.083333333333336	51.083333333333336	43.875	41.791666666666664	52.791666666666664	46.166666666666664	35.791666666666664	54.083333333333336	49.166666666666664	50.125	53.75	42.208333333333336	36.416666666666664	59.916666666666664	20.541666666666668	51.416666666666664	49.958333333333336
2023-11-01	45.625	44.583333333333336	44.291666666666664	39.416666666666664	56.25	57.958333333333336	54.75	56.833333333333336	46.833333333333336	46.833333333333336	43.958333333333336	39.958333333333336	36.041666666666664	53.541666666666664	15.958333333333334	50.333333333333336	47.5
2023-11-02	29.75	40.041666666666664	29.0	28.625	47.916666666666664	41.625	22.708333333333332	44.25	30.916666666666668	29.833333333333332	42.125	21.333333333333332	18.166666666666668	41.416666666666664	15.916666666666666	38.291666666666664	34.416666666666664
2023-11-03	45.75	52.625	36.458333333333336	34.375	46.625	45.333333333333336	19.833333333333332	62.541666666666664	38.333333333333336	45.875	56.583333333333336	33.0	33.708333333333336	43.791666666666664	17.304347826086957	46.708333333333336	44.375
2023-11-04	46.416666666666664	48.833333333333336	36.75	33.5	43.75	40.916666666666664	34.958333333333336	71.70833333333333	32.666666666666664	46.75	45.125	24.041666666666668	25.708333333333332	42.416666666666664	12.791666666666666	47.708333333333336	25.833333333333332
2023-11-05	50.708333333333336	33.916666666666664	34.416666666666664	29.291666666666668	50.416666666666664	35.958333333333336	44.791666666666664	55.833333333333336	29.5	34.541666666666664	35.916666666666664	15.208333333333334	21.083333333333332	38.375	12.666666666666666	40.5	37.083333333333336
2023-11-06	43.041666666666664	50.541666666666664	42.416666666666664	38.291666666666664	67.91666666666667	44.5	34.333333333333336	58.041666666666664	45.25	54.625	48.5	43.041666666666664	31.875	53.833333333333336	16.541666666666668	46.0	46.958333333333336
2023-11-07	48.833333333333336	48.625	43.458333333333336	38.458333333333336	60.17391304347826	51.541666666666664	57.708333333333336	53.708333333333336	52.166666666666664	54.25	47.75	43.375	38.333333333333336	56.75	22.458333333333332	43.375	44.0
2023-11-08	53.208333333333336	40.625	38.208333333333336	44.666666666666664	59.291666666666664	47.708333333333336	36.166666666666664	57.5	48.458333333333336	41.208333333333336	56.583333333333336	39.17391304347826	39.125	50.0	13.541666666666666	46.708333333333336	48.583333333333336
2023-11-09	47.708333333333336	44.375	34.916666666666664	36.875	50.26086956521739	41.291666666666664	32.333333333333336	62.791666666666664	37.0	33.541666666666664	46.5	36.375	28.666666666666668	49.416666666666664	15.166666666666666	38.125	43.375
2023-11-10	41.958333333333336	43.208333333333336	35.041666666666664	40.333333333333336	53.375	56.791666666666664	38.416666666666664	60.0	41.541666666666664	38.416666666666664	32.416666666666664	29.083333333333332	26.125	49.875	15.333333333333334	43.95652173913044	44.75
2023-11-11	42.958333333333336	44.5	39.166666666666664	34.625	41.458333333333336	47.333333333333336	36.583333333333336	57.541666666666664	39.583333333333336	29.333333333333332	46.43478260869565	20.291666666666668	23.25	42.666666666666664	10.375	35.25	40.52173913043478
2023-11-12	40.142857142857146	42.0	24.791666666666668	35.041666666666664	48.0	29.083333333333332	21.833333333333332	46.25	24.125	32.791666666666664	34.416666666666664	17.375	19.5	35.041666666666664	13.666666666666666	37.041666666666664	39.458333333333336
2023-11-13	37.291666666666664	52.458333333333336	40.291666666666664	42.125	65.04166666666667	45.083333333333336	25.08695652173913	58.333333333333336	44.333333333333336	45.583333333333336	56.166666666666664	39.916666666666664	37.875	52.0	20.208333333333332	48.041666666666664	43.166666666666664
2023-11-14	44.416666666666664	54.041666666666664	49.875	53.0	64.75	41.458333333333336	26.875	54.708333333333336	45.166666666666664	37.875	49.25	39.208333333333336	44.416666666666664	52.583333333333336	16.25	58.833333333333336	53.166666666666664
2023-11-15	27.791666666666668	37.666666666666664	28.166666666666668	39.541666666666664	55.125	37.0	24.708333333333332	37.708333333333336	25.625	32.416666666666664	27.0	18.666666666666668	21.041666666666668	34.166666666666664	13.333333333333334	37.125	33.541666666666664
2023-11-16	36.82608695652174	59.4	41.80952380952381	51.958333333333336	61.291666666666664	51.125	21.833333333333332	60.375	39.5	42.708333333333336	62.416666666666664	40.125	40.25	48.875	17.91304347826087	40.291666666666664	35.333333333333336
2023-11-17	45.416666666666664	61.833333333333336	44.083333333333336	60.708333333333336	64.75	46.833333333333336	47.875	48.583333333333336	50.041666666666664	45.416666666666664	50.916666666666664	43.458333333333336	43.833333333333336	54.458333333333336	22.833333333333332	53.458333333333336	59.0
2023-11-18	45.791666666666664	66.875	40.958333333333336	40.25	52.125	46.708333333333336	28.791666666666668	43.0	35.291666666666664	40.75	36.375	26.833333333333332	33.22727272727273	37.833333333333336	19.833333333333332	42.708333333333336	52.625
2023-12-10	48.791666666666664	35.375	27.916666666666668	36.0	37.291666666666664	34.125	34.75	36.916666666666664	24.25	31.708333333333332	20.5	21.375	27.416666666666668	35.5	68.66666666666667	47.166666666666664	40.416666666666664
2023-12-11	46.333333333333336	47.0	40.625	48.791666666666664	51.25	50.291666666666664	55.708333333333336	46.0	47.75	59.75	42.0	49.0	55.083333333333336	51.541666666666664	70.91666666666667	49.666666666666664	53.0
2023-12-12	45.458333333333336	38.25	40.75	45.375	46.958333333333336	49.833333333333336	57.041666666666664	49.166666666666664	52.916666666666664	58.25	40.791666666666664	50.541666666666664	53.0	50.041666666666664	69.66666666666667	48.25	58.708333333333336
2023-12-13	47.166666666666664	34.541666666666664	41.125	45.791666666666664	45.416666666666664	53.416666666666664	59.666666666666664	45.791666666666664	52.333333333333336	58.333333333333336	45.791666666666664	46.291666666666664	51.291666666666664	43.708333333333336	56.125	51.0	49.958333333333336
2023-12-14	47.958333333333336	41.0	40.833333333333336	50.041666666666664	53.333333333333336	54.43478260869565	45.375	47.041666666666664	51.25	50.916666666666664	36.75	45.0	55.291666666666664	50.416666666666664	60.708333333333336	43.166666666666664	57.875
2023-12-15	39.458333333333336	33.833333333333336	45.583333333333336	49.125	46.625	49.791666666666664	59.0	47.208333333333336	51.416666666666664	53.875	37.583333333333336	44.791666666666664	57.041666666666664	52.333333333333336	51.625	46.25	56.25
2023-12-16	36.708333333333336	35.5	38.75	44.625	36.583333333333336	43.125	27.125	36.458333333333336	33.916666666666664	48.291666666666664	42.708333333333336	27.416666666666668	37.083333333333336	39.375	34.708333333333336	35.708333333333336	52.166666666666664
2023-12-17	37.583333333333336	29.791666666666668	34.041666666666664	41.375	48.041666666666664	40.166666666666664	44.041666666666664	35.625	23.125	37.333333333333336	38.25	19.416666666666668	28.166666666666668	35.333333333333336	24.083333333333332	37.916666666666664	41.375
2023-12-18	45.416666666666664	41.041666666666664	43.541666666666664	47.0	48.125	57.541666666666664	30.541666666666668	44.625	45.666666666666664	64.70833333333333	44.291666666666664	58.041666666666664	56.916666666666664	53.041666666666664	40.833333333333336	53.541666666666664	59.625
2023-12-19	56.625	40.416666666666664	53.166666666666664	51.625	46.541666666666664	54.625	42.916666666666664	41.375	51.666666666666664	58.458333333333336	45.5	58.416666666666664	64.375	54.833333333333336	30.416666666666668	55.958333333333336	64.20833333333333
2023-12-20	43.666666666666664	33.541666666666664	50.458333333333336	54.833333333333336	47.583333333333336	59.541666666666664	41.083333333333336	42.166666666666664	46.75	49.166666666666664	38.625	54.625	52.958333333333336	54.541666666666664	35.541666666666664	50.833333333333336	61.958333333333336
2023-12-21	43.291666666666664	38.125	58.875	50.375	51.625	52.416666666666664	62.791666666666664	43.5	49.416666666666664	49.25	45.0	46.083333333333336	61.791666666666664	53.375	37.125	54.833333333333336	64.54166666666667
2023-12-22	38.166666666666664	10.666666666666666	47.666666666666664	47.0	30.333333333333332	34.0	41.45454545454545	32.142857142857146	33.0	42.18181818181818	34.25	23.2	56.57142857142857	45.8	45.0	36.333333333333336	42.6
2023-12-23	58.95833333333333	34.416666666666664	54.25	61.75	53.27083333333333	61.916666666666664	52.18379446640316	52.38392857142857	43.45833333333333	46.15340909090909	53.770833333333336	33.35	54.098214285714285	60.525	41.41666666666667	52.125	59.34166666666667
2023-12-31	79.75	58.166666666666664	60.833333333333336	76.5	76.20833333333333	89.83333333333333	62.91304347826087	72.625	53.916666666666664	50.125	73.29166666666667	43.5	51.625	75.25	37.833333333333336	67.91666666666667	76.08333333333333
2024-01-01	53.458333333333336	47.5	53.375	58.5	48.416666666666664	61.125	21.7	54.666666666666664	41.125	46.5	61.166666666666664	31.791666666666668	26.666666666666668	54.791666666666664	40.958333333333336	57.083333333333336	61.791666666666664
2024-01-02	53.291666666666664	49.458333333333336	39.708333333333336	51.0	50.75	60.875	28.09090909090909	44.666666666666664	51.5	53.375	50.458333333333336	51.541666666666664	50.833333333333336	54.125	37.125	58.666666666666664	58.166666666666664
2024-01-03	47.166666666666664	38.708333333333336	38.166666666666664	45.375	49.958333333333336	54.208333333333336	31.458333333333332	42.416666666666664	52.375	56.75	51.166666666666664	55.0	57.583333333333336	47.916666666666664	40.041666666666664	57.25	56.0
2024-01-04	54.041666666666664	48.583333333333336	37.833333333333336	46.833333333333336	62.0	54.666666666666664	59.166666666666664	52.791666666666664	55.5	51.458333333333336	56.583333333333336	53.791666666666664	55.75	61.791666666666664	32.541666666666664	52.0	58.625
2024-01-05	55.291666666666664	52.625	43.708333333333336	47.625	52.541666666666664	55.375	35.541666666666664	47.083333333333336	54.416666666666664	47.958333333333336	59.166666666666664	54.375	58.666666666666664	55.75	34.958333333333336	51.583333333333336	55.666666666666664
2024-01-06	42.25	42.666666666666664	43.208333333333336	43.25	38.916666666666664	49.833333333333336	36.583333333333336	46.125	43.666666666666664	35.75	48.041666666666664	44.25	47.541666666666664	47.125	34.291666666666664	53.125	45.708333333333336
2024-01-07	48.083333333333336	36.916666666666664	34.416666666666664	35.583333333333336	33.5	42.666666666666664	14.833333333333334	47.916666666666664	25.75	42.75	49.583333333333336	28.375	24.5	38.833333333333336	29.916666666666668	46.75	46.333333333333336
2024-01-08	51.958333333333336	53.666666666666664	38.5	46.416666666666664	60.208333333333336	49.458333333333336	27.333333333333332	45.708333333333336	52.416666666666664	57.583333333333336	60.166666666666664	54.208333333333336	53.458333333333336	56.333333333333336	29.083333333333332	63.583333333333336	56.375
2024-01-09	52.166666666666664	41.125	42.458333333333336	51.75	51.458333333333336	46.5	34.208333333333336	49.333333333333336	45.708333333333336	51.375	53.333333333333336	52.125	46.291666666666664	49.041666666666664	38.583333333333336	59.541666666666664	49.458333333333336
2024-01-10	47.791666666666664	41.916666666666664	38.541666666666664	47.875	44.5	53.833333333333336	49.666666666666664	48.041666666666664	39.458333333333336	42.166666666666664	48.708333333333336	46.958333333333336	46.375	52.375	51.208333333333336	53.541666666666664	52.291666666666664
2024-01-11	46.333333333333336	42.833333333333336	38.958333333333336	41.166666666666664	46.916666666666664	45.0	49.125	51.416666666666664	49.083333333333336	47.5	48.125	42.333333333333336	44.0	50.541666666666664	55.75	53.708333333333336	46.958333333333336
2024-01-12	44.375	43.541666666666664	37.583333333333336	41.791666666666664	44.458333333333336	41.791666666666664	52.875	39.916666666666664	41.875	43.375	46.75	50.333333333333336	41.208333333333336	46.625	51.75	53.666666666666664	44.958333333333336
2024-01-13	36.791666666666664	30.333333333333332	36.208333333333336	42.541666666666664	40.0	37.416666666666664	37.333333333333336	39.25	31.583333333333332	30.75	50.291666666666664	31.083333333333332	31.5	37.5	44.208333333333336	53.083333333333336	38.208333333333336
2024-01-14	47.208333333333336	35.833333333333336	34.458333333333336	35.083333333333336	34.083333333333336	34.875	51.625	34.625	26.0	34.791666666666664	34.916666666666664	22.583333333333332	26.166666666666668	41.583333333333336	35.5	43.583333333333336	39.833333333333336
2024-01-15	47.833333333333336	48.25	43.041666666666664	51.208333333333336	52.083333333333336	51.583333333333336	52.125	58.208333333333336	47.5	57.875	60.208333333333336	51.666666666666664	46.875	59.375	71.33333333333333	65.70833333333333	55.875
2024-01-16	51.083333333333336	48.416666666666664	38.5	44.041666666666664	58.708333333333336	49.916666666666664	58.875	49.791666666666664	56.125	54.875	55.916666666666664	51.375	47.375	62.0	71.0	63.083333333333336	51.625
2024-01-17	45.041666666666664	46.666666666666664	34.083333333333336	45.333333333333336	53.916666666666664	53.25	36.333333333333336	50.5	54.333333333333336	46.166666666666664	50.041666666666664	45.166666666666664	48.333333333333336	55.208333333333336	68.08333333333333	60.0	53.291666666666664
2024-01-18	58.416666666666664	52.458333333333336	44.75	46.916666666666664	57.083333333333336	49.083333333333336	32.5	50.416666666666664	57.416666666666664	48.416666666666664	45.083333333333336	45.208333333333336	49.083333333333336	61.708333333333336	75.75	57.958333333333336	50.083333333333336
2024-01-19	51.0	55.125	39.583333333333336	53.041666666666664	50.166666666666664	43.708333333333336	38.833333333333336	55.208333333333336	49.666666666666664	50.75	46.25	44.041666666666664	53.625	58.0	69.66666666666667	52.208333333333336	53.666666666666664
2024-01-20	54.291666666666664	44.083333333333336	43.583333333333336	51.125	44.666666666666664	54.375	48.875	46.0	38.625	37.916666666666664	52.458333333333336	25.25	40.125	56.833333333333336	64.125	49.125	43.125
2024-01-21	43.541666666666664	35.083333333333336	31.708333333333332	40.791666666666664	43.333333333333336	35.125	29.5	41.916666666666664	28.75	32.625	48.333333333333336	19.666666666666668	25.958333333333332	42.458333333333336	63.208333333333336	57.958333333333336	41.0
2024-01-22	52.958333333333336	57.125	46.916666666666664	51.125	56.875	57.333333333333336	53.041666666666664	56.458333333333336	59.541666666666664	50.958333333333336	52.791666666666664	57.541666666666664	54.958333333333336	66.91666666666667	81.66666666666667	68.625	55.833333333333336
2024-01-23	52.75	52.875	33.875	47.875	52.25	47.5	49.666666666666664	50.916666666666664	56.625	44.541666666666664	46.916666666666664	59.166666666666664	45.416666666666664	54.0	84.04166666666667	56.916666666666664	56.166666666666664
2024-01-24	48.291666666666664	51.791666666666664	36.875	46.958333333333336	49.625	54.875	77.125	57.333333333333336	56.875	44.0	51.333333333333336	54.875	56.791666666666664	58.791666666666664	85.41666666666667	57.083333333333336	52.125
2024-01-25	50.041666666666664	39.5	40.791666666666664	44.708333333333336	54.291666666666664	47.125	58.458333333333336	50.916666666666664	42.0	50.208333333333336	44.458333333333336	57.25	36.791666666666664	59.875	83.0	51.083333333333336	40.916666666666664
2024-01-26	55.833333333333336	59.083333333333336	42.916666666666664	53.833333333333336	51.333333333333336	55.291666666666664	63.625	52.333333333333336	61.333333333333336	48.916666666666664	52.291666666666664	54.833333333333336	55.375	61.416666666666664	85.66666666666667	63.791666666666664	51.375
2024-01-27	46.666666666666664	45.791666666666664	37.166666666666664	46.25	38.791666666666664	44.041666666666664	42.958333333333336	44.625	45.0	38.75	39.875	31.916666666666668	49.333333333333336	45.291666666666664	78.20833333333333	47.208333333333336	43.458333333333336
2024-01-28	43.75	32.583333333333336	34.25	38.875	42.208333333333336	49.041666666666664	57.125	42.791666666666664	29.625	34.5	29.041666666666668	23.875	25.083333333333332	41.791666666666664	70.75	50.333333333333336	47.958333333333336
2024-01-29	50.583333333333336	60.541666666666664	47.041666666666664	51.375	56.916666666666664	52.875	55.291666666666664	57.0	65.83333333333333	59.791666666666664	49.25	56.166666666666664	53.708333333333336	63.5	82.375	64.33333333333333	65.54166666666667
2024-01-30	58.291666666666664	56.0	45.458333333333336	45.958333333333336	55.5	56.541666666666664	64.125	48.5	64.04166666666667	57.791666666666664	47.958333333333336	65.79166666666667	55.333333333333336	62.208333333333336	91.83333333333333	66.66666666666667	58.166666666666664
2024-01-31	44.791666666666664	44.166666666666664	36.541666666666664	44.958333333333336	50.708333333333336	44.75	38.416666666666664	47.416666666666664	60.17391304347826	45.875	50.5	40.25	34.541666666666664	54.791666666666664	68.66666666666667	54.166666666666664	43.458333333333336
2024-02-01	41.875	37.166666666666664	36.041666666666664	50.833333333333336	49.791666666666664	48.333333333333336	61.416666666666664	47.0	47.666666666666664	49.291666666666664	45.208333333333336	47.625	41.458333333333336	48.875	81.375	51.291666666666664	57.166666666666664
2024-02-02	35.416666666666664	43.25	40.083333333333336	43.791666666666664	48.291666666666664	40.375	35.416666666666664	44.166666666666664	50.791666666666664	48.791666666666664	38.333333333333336	52.130434782608695	36.583333333333336	50.833333333333336	68.79166666666667	41.375	38.041666666666664
2024-02-03	41.25	38.166666666666664	42.375	40.041666666666664	49.875	52.875	53.083333333333336	43.083333333333336	40.666666666666664	45.541666666666664	37.25	35.5	33.0	49.833333333333336	75.41666666666667	49.541666666666664	39.125
2024-02-04	44.416666666666664	26.833333333333332	35.869565217391305	43.833333333333336	46.458333333333336	38.791666666666664	32.43478260869565	36.916666666666664	38.125	43.166666666666664	33.666666666666664	26.708333333333332	22.541666666666668	42.708333333333336	73.70833333333333	51.25	36.916666666666664
2024-02-05	43.75	52.416666666666664	43.125	57.25	61.291666666666664	62.208333333333336	62.291666666666664	54.5	64.70833333333333	53.541666666666664	53.916666666666664	67.33333333333333	56.458333333333336	62.708333333333336	89.08333333333333	72.58333333333333	61.041666666666664
2024-02-06	47.125	50.416666666666664	42.04347826086956	60.583333333333336	56.75	65.875	49.041666666666664	53.666666666666664	56.583333333333336	49.458333333333336	46.25	62.583333333333336	46.708333333333336	57.375	88.66666666666667	62.791666666666664	55.208333333333336
2024-02-07	45.375	54.708333333333336	42.75	53.458333333333336	51.958333333333336	69.375	47.5	48.375	42.333333333333336	56.291666666666664	48.875	59.291666666666664	44.57142857142857	56.166666666666664	85.38095238095238	63.291666666666664	50.166666666666664
2024-02-08	31.0	40.375	24.875	59.916666666666664	61.708333333333336	79.20833333333333	36.583333333333336	53.083333333333336	50.791666666666664	53.541666666666664	36.25	27.708333333333332	37.875	40.916666666666664	62.75	40.65217391304348	43.458333333333336
2024-02-09	53.375	61.333333333333336	44.125	51.041666666666664	58.208333333333336	86.45833333333333	44.958333333333336	62.916666666666664	62.458333333333336	56.69565217391305	55.541666666666664	56.333333333333336	43.333333333333336	62.625	86.16666666666667	56.65217391304348	46.875
2024-02-10	40.333333333333336	32.875	39.625	51.5	48.541666666666664	82.41666666666667	25.583333333333332	44.25	38.916666666666664	36.375	40.25	33.458333333333336	43.25	43.833333333333336	67.375	55.375	43.0
2024-02-11	30.652173913043477	31.666666666666668	27.391304347826086	39.541666666666664	36.833333333333336	83.375	28.083333333333332	39.416666666666664	34.166666666666664	23.958333333333332	43.625	26.083333333333332	20.375	44.166666666666664	69.27272727272727	36.958333333333336	28.708333333333332
2024-02-12	38.208333333333336	35.75	36.916666666666664	45.13636363636363	48.375	82.0	29.708333333333332	46.041666666666664	40.25	26.083333333333332	38.666666666666664	38.26086956521739	27.666666666666668	43.75	60.791666666666664	41.375	46.458333333333336
2024-02-13	34.083333333333336	36.083333333333336	38.5	40.416666666666664	39.0	69.125	38.333333333333336	36.083333333333336	33.21739130434783	34.208333333333336	53.541666666666664	24.666666666666668	24.416666666666668	47.625	64.91666666666667	43.666666666666664	36.375
2024-02-14	42.416666666666664	42.833333333333336	34.375	38.208333333333336	43.166666666666664	52.208333333333336	24.708333333333332	47.666666666666664	43.541666666666664	44.083333333333336	33.17391304347826	40.5	33.916666666666664	49.875	65.375	53.75	42.375
2024-02-15	47.208333333333336	53.25	39.5	54.708333333333336	59.375	67.83333333333333	45.0	57.666666666666664	57.416666666666664	47.041666666666664	54.583333333333336	62.0	53.041666666666664	63.541666666666664	74.91666666666667	64.41666666666667	51.625
2024-02-16	43.666666666666664	49.875	45.041666666666664	46.833333333333336	58.125	57.416666666666664	39.125	53.75	53.833333333333336	48.958333333333336	45.208333333333336	61.583333333333336	50.0	67.04166666666667	81.70833333333333	68.20833333333333	51.875
2024-02-17	64.08333333333333	55.208333333333336	39.416666666666664	55.375	57.916666666666664	59.125	40.5	55.5	45.875	56.0	50.833333333333336	45.958333333333336	55.5	53.458333333333336	89.79166666666667	58.458333333333336	54.916666666666664
2024-02-18	47.583333333333336	45.125	39.916666666666664	41.0	62.916666666666664	45.541666666666664	19.458333333333332	38.916666666666664	47.541666666666664	45.541666666666664	49.791666666666664	32.708333333333336	31.416666666666668	47.208333333333336	86.54166666666667	59.958333333333336	54.875
2024-02-19	53.541666666666664	46.25	43.25	61.125	64.04166666666667	60.458333333333336	30.375	64.75	47.041666666666664	62.083333333333336	58.708333333333336	53.791666666666664	50.375	65.95833333333333	77.79166666666667	67.25	66.125
2024-02-20	41.0	41.5	36.166666666666664	62.208333333333336	54.0	48.041666666666664	24.25	60.5	48.208333333333336	68.04166666666667	44.916666666666664	49.25	42.958333333333336	55.791666666666664	45.958333333333336	52.125	53.166666666666664
2024-02-21	48.34782608695652	34.0	36.791666666666664	58.833333333333336	50.541666666666664	62.916666666666664	25.416666666666668	60.708333333333336	38.0	55.130434782608695	46.208333333333336	34.375	46.708333333333336	58.916666666666664	52.291666666666664	57.36363636363637	45.916666666666664
2024-02-22	42.708333333333336	59.375	48.0	58.0	61.916666666666664	68.16666666666667	17.666666666666668	68.33333333333333	46.25	57.0	52.25	38.625	53.625	68.70833333333333	51.541666666666664	59.916666666666664	47.416666666666664
2024-02-23	46.27272727272727	56.75	37.208333333333336	58.916666666666664	62.583333333333336	68.70833333333333	45.875	67.95833333333333	53.041666666666664	62.291666666666664	38.666666666666664	39.625	53.291666666666664	62.958333333333336	52.75	62.875	52.458333333333336
2024-02-24	40.208333333333336	36.333333333333336	39.208333333333336	60.666666666666664	54.833333333333336	53.375	20.791666666666668	52.333333333333336	41.25	41.958333333333336	39.416666666666664	27.291666666666668	39.82608695652174	55.041666666666664	52.666666666666664	46.75	48.041666666666664
2024-02-25	50.625	37.833333333333336	32.65217391304348	50.041666666666664	57.0	47.208333333333336	26.416666666666668	44.291666666666664	30.541666666666668	37.791666666666664	37.21739130434783	25.958333333333332	30.041666666666668	51.708333333333336	44.25	45.083333333333336	50.5
2024-02-26	53.541666666666664	51.0	30.041666666666668	67.45833333333333	60.333333333333336	65.58333333333333	26.625	54.0	47.0	63.291666666666664	37.541666666666664	50.916666666666664	55.916666666666664	63.75	56.916666666666664	51.791666666666664	56.125
2024-02-27	58.52173913043478	65.91666666666667	33.75	59.833333333333336	61.791666666666664	55.583333333333336	34.125	62.666666666666664	48.583333333333336	52.041666666666664	56.166666666666664	44.708333333333336	48.291666666666664	60.583333333333336	62.458333333333336	63.666666666666664	60.5
2024-02-28	53.25	50.666666666666664	38.875	60.166666666666664	53.791666666666664	63.083333333333336	27.333333333333332	56.791666666666664	50.333333333333336	62.291666666666664	54.791666666666664	57.625	50.375	60.791666666666664	61.625	51.416666666666664	56.5
2024-02-29	58.75	45.833333333333336	54.666666666666664	49.541666666666664	63.708333333333336	58.625	38.875	61.791666666666664	47.75	64.375	60.791666666666664	51.541666666666664	47.708333333333336	65.125	62.666666666666664	56.166666666666664	61.166666666666664
2024-03-01	52.791666666666664	61.75	46.75	48.583333333333336	60.083333333333336	56.458333333333336	23.708333333333332	51.916666666666664	55.958333333333336	51.208333333333336	53.958333333333336	39.75	46.0	59.708333333333336	47.666666666666664	63.333333333333336	45.875
2024-03-02	38.916666666666664	38.125	39.125	38.833333333333336	49.541666666666664	46.291666666666664	28.375	48.791666666666664	29.208333333333332	36.958333333333336	39.291666666666664	25.75	36.875	41.125	45.375	49.75	39.375
2024-03-03	42.416666666666664	40.083333333333336	41.625	45.625	53.875	48.666666666666664	13.416666666666666	40.625	29.208333333333332	49.666666666666664	43.541666666666664	27.208333333333332	27.541666666666668	45.083333333333336	39.666666666666664	56.541666666666664	49.083333333333336
2024-03-04	55.375	62.625	51.666666666666664	64.33333333333333	69.78260869565217	46.34782608695652	42.125	58.625	47.375	64.29166666666667	65.375	51.75	60.0	59.333333333333336	63.791666666666664	69.375	59.541666666666664
2024-03-05	39.34782608695652	47.916666666666664	35.791666666666664	53.291666666666664	58.791666666666664	36.833333333333336	22.166666666666668	49.375	46.833333333333336	54.041666666666664	66.33333333333333	42.69565217391305	47.85	59.0	30.458333333333332	53.625	51.708333333333336
2024-03-06	50.25	46.75	48.333333333333336	59.125	52.833333333333336	40.958333333333336	29.708333333333332	47.0	51.083333333333336	54.041666666666664	44.5	49.125	48.041666666666664	57.458333333333336	43.083333333333336	58.333333333333336	51.708333333333336
2024-03-07	65.75	60.75	54.5	56.041666666666664	56.458333333333336	37.333333333333336	22.583333333333332	47.833333333333336	57.083333333333336	57.541666666666664	45.875	43.375	57.416666666666664	60.25	47.041666666666664	62.125	49.75
2024-03-08	54.25	46.208333333333336	53.291666666666664	54.708333333333336	49.083333333333336	33.75	25.541666666666668	49.375	54.333333333333336	44.791666666666664	37.375	42.541666666666664	50.958333333333336	58.083333333333336	53.666666666666664	66.04166666666667	48.041666666666664
2024-03-09	54.791666666666664	51.458333333333336	52.5	58.333333333333336	45.708333333333336	31.125	23.708333333333332	49.125	45.083333333333336	52.125	48.958333333333336	34.541666666666664	50.666666666666664	47.666666666666664	53.25	64.66666666666667	47.041666666666664
2024-03-10	49.36363636363637	29.125	38.17391304347826	43.625	47.208333333333336	27.583333333333332	36.666666666666664	47.666666666666664	30.958333333333332	42.166666666666664	47.875	33.666666666666664	33.833333333333336	38.916666666666664	34.833333333333336	58.666666666666664	43.75
2024-03-11	63.78260869565217	41.375	58.708333333333336	58.75	62.875	40.291666666666664	21.5	56.75	54.375	63.25	44.142857142857146	54.458333333333336	59.208333333333336	70.25	62.791666666666664	69.375	45.291666666666664
2024-03-12	65.6086956521739	52.083333333333336	60.869565217391305	67.04166666666667	65.04166666666667	42.416666666666664	43.166666666666664	56.458333333333336	66.26086956521739	51.375	58.875	54.208333333333336	57.833333333333336	65.5	59.0	60.875	62.291666666666664
2024-03-13	47.041666666666664	46.041666666666664	55.56521739130435	55.083333333333336	58.416666666666664	39.416666666666664	30.166666666666668	55.958333333333336	53.458333333333336	52.791666666666664	62.041666666666664	54.291666666666664	61.875	58.666666666666664	50.791666666666664	58.75	53.458333333333336
2024-03-14	55.375	51.791666666666664	60.458333333333336	57.916666666666664	59.791666666666664	40.208333333333336	48.666666666666664	51.0	54.541666666666664	55.5	57.458333333333336	50.916666666666664	49.56521739130435	55.958333333333336	52.0	70.70833333333333	52.708333333333336
2024-03-15	63.0	53.833333333333336	44.375	55.041666666666664	54.541666666666664	36.5	30.333333333333332	48.083333333333336	51.375	55.833333333333336	47.125	48.708333333333336	61.083333333333336	62.208333333333336	61.916666666666664	70.79166666666667	60.583333333333336
2024-03-16	63.666666666666664	44.208333333333336	47.958333333333336	58.041666666666664	43.458333333333336	36.041666666666664	42.875	50.916666666666664	32.391304347826086	55.333333333333336	54.625	39.333333333333336	53.083333333333336	52.5	46.583333333333336	59.208333333333336	54.166666666666664
2024-03-17	55.583333333333336	39.458333333333336	48.708333333333336	50.625	49.708333333333336	31.166666666666668	21.333333333333332	50.25	34.75	46.416666666666664	40.666666666666664	33.541666666666664	37.166666666666664	50.333333333333336	48.25	56.75	54.75
2024-03-18	67.0	54.291666666666664	58.541666666666664	65.79166666666667	69.70833333333333	38.5	54.875	54.958333333333336	55.208333333333336	59.583333333333336	56.333333333333336	67.29166666666667	56.875	58.791666666666664	53.333333333333336	78.08333333333333	67.9090909090909
2024-03-19	71.54166666666667	60.958333333333336	48.291666666666664	64.625	66.41666666666667	42.75	27.208333333333332	60.75	60.541666666666664	59.5	62.75	66.41666666666667	58.708333333333336	68.5	63.958333333333336	77.20833333333333	60.791666666666664
2024-03-20	62.333333333333336	51.625	53.833333333333336	66.95833333333333	59.916666666666664	39.708333333333336	43.625	62.958333333333336	57.0	66.20833333333333	53.791666666666664	67.70833333333333	47.5	73.54166666666667	57.0	60.666666666666664	61.666666666666664
2024-03-21	61.166666666666664	61.208333333333336	60.291666666666664	68.16666666666667	64.79166666666667	45.791666666666664	29.416666666666668	59.5	61.708333333333336	54.833333333333336	73.125	61.791666666666664	58.916666666666664	70.58333333333333	68.0	67.875	69.66666666666667
2024-03-22	59.666666666666664	64.625	48.916666666666664	58.833333333333336	52.375	43.0	47.291666666666664	51.5	50.125	47.875	55.916666666666664	61.208333333333336	55.583333333333336	67.5	55.083333333333336	73.29166666666667	55.041666666666664
2024-03-23	50.75	26.375	34.916666666666664	44.958333333333336	34.333333333333336	29.75	16.333333333333332	30.416666666666668	31.291666666666668	32.125	42.458333333333336	23.666666666666668	33.875	48.666666666666664	47.208333333333336	55.21739130434783	47.625
2024-03-24	59.583333333333336	45.125	45.25	47.541666666666664	50.583333333333336	33.125	33.916666666666664	43.583333333333336	32.166666666666664	49.5	54.75	31.791666666666668	41.333333333333336	48.625	46.75	65.25	46.458333333333336
2024-03-25	60.95454545454545	52.958333333333336	53.958333333333336	62.875	54.875	49.916666666666664	28.041666666666668	52.916666666666664	57.541666666666664	57.208333333333336	53.958333333333336	49.666666666666664	55.25	67.375	60.166666666666664	71.0	54.391304347826086
2024-03-26	59.916666666666664	51.041666666666664	54.916666666666664	60.166666666666664	47.833333333333336	61.541666666666664	46.166666666666664	49.333333333333336	55.583333333333336	52.666666666666664	55.041666666666664	54.125	45.708333333333336	53.833333333333336	60.125	67.83333333333333	55.791666666666664
2024-03-27	54.75	48.333333333333336	54.0	50.208333333333336	54.125	54.75	31.0	45.666666666666664	54.958333333333336	46.125	49.791666666666664	52.75	51.666666666666664	51.833333333333336	57.166666666666664	59.583333333333336	49.791666666666664
2024-03-28	45.375	45.125	45.958333333333336	49.208333333333336	46.416666666666664	46.583333333333336	29.166666666666668	36.416666666666664	46.208333333333336	45.25	37.541666666666664	34.083333333333336	43.083333333333336	44.75	43.625	47.291666666666664	43.916666666666664
2024-03-29	39.958333333333336	32.375	36.958333333333336	38.625	33.375	44.166666666666664	18.791666666666668	40.65217391304348	24.375	34.333333333333336	31.208333333333332	25.875	29.875	42.458333333333336	34.04545454545455	49.34782608695652	33.083333333333336
2024-03-30	48.375	37.333333333333336	50.541666666666664	46.916666666666664	43.833333333333336	47.666666666666664	33.458333333333336	42.75	35.458333333333336	41.291666666666664	48.0	36.708333333333336	41.0	41.208333333333336	49.083333333333336	57.291666666666664	42.583333333333336
2024-03-31	54.916666666666664	34.791666666666664	46.333333333333336	49.083333333333336	41.458333333333336	42.875	27.541666666666668	38.541666666666664	36.166666666666664	38.208333333333336	37.083333333333336	32.25	33.416666666666664	36.708333333333336	41.916666666666664	62.791666666666664	42.791666666666664
2024-04-01	63.625	51.916666666666664	61.416666666666664	57.083333333333336	50.291666666666664	55.625	47.416666666666664	51.916666666666664	57.583333333333336	53.666666666666664	53.25	58.833333333333336	53.625	48.958333333333336	56.125	70.04166666666667	54.0
2024-04-02	51.458333333333336	40.583333333333336	48.583333333333336	62.625	52.708333333333336	62.375	29.875	53.791666666666664	56.708333333333336	61.75	57.5	57.666666666666664	56.666666666666664	61.375	42.333333333333336	64.20833333333333	55.75
2024-04-03	51.416666666666664	44.083333333333336	51.75	54.583333333333336	56.833333333333336	59.458333333333336	36.416666666666664	54.958333333333336	52.833333333333336	49.916666666666664	46.458333333333336	57.958333333333336	54.25	57.291666666666664	51.291666666666664	62.041666666666664	57.75
2024-04-04	50.75	44.708333333333336	51.916666666666664	57.208333333333336	52.708333333333336	53.083333333333336	32.333333333333336	55.833333333333336	54.541666666666664	54.166666666666664	50.208333333333336	49.958333333333336	56.083333333333336	59.125	47.375	55.125	50.0
2024-04-05	57.791666666666664	44.625	49.25	50.875	45.541666666666664	56.291666666666664	54.0	62.208333333333336	50.583333333333336	43.0	47.25	57.666666666666664	54.708333333333336	57.833333333333336	52.708333333333336	53.958333333333336	42.916666666666664
2024-04-06	43.708333333333336	40.208333333333336	52.041666666666664	50.666666666666664	43.0	48.541666666666664	39.416666666666664	47.208333333333336	39.125	40.875	41.583333333333336	39.0	51.791666666666664	44.541666666666664	38.791666666666664	49.708333333333336	43.208333333333336
2024-04-07	43.958333333333336	34.916666666666664	40.083333333333336	44.083333333333336	46.875	37.375	26.291666666666668	46.791666666666664	30.166666666666668	36.083333333333336	41.916666666666664	29.958333333333332	32.333333333333336	39.708333333333336	34.708333333333336	45.708333333333336	33.65217391304348
2024-04-08	57.458333333333336	55.666666666666664	52.833333333333336	60.791666666666664	53.0	60.04347826086956	34.666666666666664	46.416666666666664	51.208333333333336	60.833333333333336	51.130434782608695	56.458333333333336	58.416666666666664	56.333333333333336	56.0	64.5	58.416666666666664
2024-04-09	50.166666666666664	47.666666666666664	50.208333333333336	41.708333333333336	58.791666666666664	52.125	42.083333333333336	51.791666666666664	62.5	52.916666666666664	51.5	62.208333333333336	60.958333333333336	57.916666666666664	51.25	50.041666666666664	57.958333333333336
2024-04-10	58.541666666666664	46.666666666666664	48.666666666666664	52.541666666666664	52.666666666666664	48.833333333333336	36.0	55.916666666666664	51.416666666666664	54.56521739130435	52.541666666666664	54.541666666666664	56.791666666666664	54.5	48.916666666666664	55.875	54.458333333333336
2024-04-11	53.541666666666664	40.0	45.958333333333336	52.041666666666664	50.541666666666664	60.208333333333336	45.416666666666664	57.25	54.708333333333336	48.416666666666664	45.375	50.5	63.666666666666664	56.541666666666664	53.708333333333336	58.958333333333336	56.291666666666664
2024-04-12	54.25	44.75	39.958333333333336	53.041666666666664	55.375	58.708333333333336	30.208333333333332	54.583333333333336	50.833333333333336	45.916666666666664	53.958333333333336	56.541666666666664	57.708333333333336	57.791666666666664	51.666666666666664	54.458333333333336	53.625
2024-04-13	43.625	37.875	48.708333333333336	50.291666666666664	42.666666666666664	55.416666666666664	42.583333333333336	48.75	45.291666666666664	44.25	48.333333333333336	44.166666666666664	49.041666666666664	51.333333333333336	45.125	54.083333333333336	45.125
2024-04-14	50.458333333333336	33.125	36.958333333333336	47.125	45.25	43.583333333333336	21.916666666666668	47.083333333333336	32.958333333333336	47.625	46.458333333333336	29.666666666666668	43.583333333333336	49.208333333333336	41.166666666666664	46.833333333333336	49.625
2024-04-15	66.0	49.0	55.208333333333336	56.333333333333336	56.541666666666664	62.125	54.083333333333336	62.375	57.75	56.458333333333336	65.91666666666667	64.875	68.66666666666667	69.20833333333333	55.166666666666664	70.54166666666667	60.125
2024-04-16	63.0	45.333333333333336	57.041666666666664	58.958333333333336	61.125	68.875	34.166666666666664	64.45833333333333	52.125	58.875	54.708333333333336	53.041666666666664	65.66666666666667	57.0	53.791666666666664	67.58333333333333	52.875
2024-04-17	49.125	45.916666666666664	52.583333333333336	59.666666666666664	59.333333333333336	57.541666666666664	56.541666666666664	57.666666666666664	52.5	52.833333333333336	51.541666666666664	42.75	59.666666666666664	61.666666666666664	58.333333333333336	65.04166666666667	42.083333333333336
2024-04-18	40.125	37.875	59.333333333333336	51.666666666666664	54.25	58.916666666666664	25.5	57.666666666666664	50.833333333333336	42.625	43.0	40.875	51.291666666666664	47.75	55.791666666666664	54.75	49.541666666666664
2024-04-19	41.333333333333336	44.0	43.333333333333336	53.666666666666664	48.916666666666664	58.416666666666664	37.916666666666664	58.458333333333336	57.21739130434783	42.708333333333336	50.833333333333336	44.291666666666664	58.666666666666664	53.375	51.208333333333336	54.5	45.125
2024-04-20	23.083333333333332	27.958333333333332	35.041666666666664	41.458333333333336	32.875	38.583333333333336	23.416666666666668	47.625	27.875	32.166666666666664	35.083333333333336	22.708333333333332	37.083333333333336	41.333333333333336	38.875	40.916666666666664	31.958333333333332
2024-04-21	41.75	29.458333333333332	32.5	46.833333333333336	43.333333333333336	57.5	17.166666666666668	46.791666666666664	32.75	29.375	33.125	27.833333333333332	38.0	48.416666666666664	35.791666666666664	61.541666666666664	50.625
2024-04-22	51.666666666666664	50.833333333333336	58.416666666666664	65.5	63.333333333333336	62.666666666666664	24.958333333333332	58.875	65.125	63.375	59.0	50.5	63.958333333333336	62.291666666666664	64.08333333333333	63.125	56.833333333333336
2024-04-23	56.541666666666664	50.333333333333336	51.0	59.666666666666664	65.79166666666667	64.04166666666667	44.0	61.333333333333336	65.45833333333333	58.125	61.291666666666664	50.25	61.666666666666664	66.66666666666667	56.0	60.666666666666664	56.916666666666664
2024-04-24	52.541666666666664	50.791666666666664	50.5	50.916666666666664	57.291666666666664	69.45833333333333	28.583333333333332	60.25	66.08333333333333	64.66666666666667	54.083333333333336	46.0	64.83333333333333	53.666666666666664	62.958333333333336	55.791666666666664	52.291666666666664
2024-04-25	51.916666666666664	48.5	52.958333333333336	58.125	60.958333333333336	64.08333333333333	39.458333333333336	61.708333333333336	67.875	52.958333333333336	53.041666666666664	45.041666666666664	62.708333333333336	58.333333333333336	55.208333333333336	52.583333333333336	51.375
2024-04-26	49.5	44.541666666666664	47.583333333333336	54.666666666666664	51.708333333333336	64.08333333333333	33.333333333333336	58.583333333333336	61.916666666666664	39.958333333333336	43.375	40.875	58.666666666666664	57.916666666666664	58.791666666666664	60.666666666666664	52.833333333333336
2024-04-27	47.208333333333336	41.208333333333336	46.0	53.208333333333336	47.5	52.791666666666664	58.375	60.041666666666664	39.375	38.208333333333336	47.541666666666664	29.875	46.125	42.625	51.125	50.208333333333336	39.416666666666664
2024-04-28	40.458333333333336	26.583333333333332	44.625	42.75	40.458333333333336	53.958333333333336	24.083333333333332	52.083333333333336	31.041666666666668	47.708333333333336	42.208333333333336	27.833333333333332	44.291666666666664	39.52173913043478	42.291666666666664	52.166666666666664	45.208333333333336
2024-04-29	57.708333333333336	51.916666666666664	53.291666666666664	58.0	59.25	65.83333333333333	38.708333333333336	62.625	61.5	64.95833333333333	57.333333333333336	54.875	66.45833333333333	60.791666666666664	62.875	66.66666666666667	52.416666666666664
2024-04-30	52.458333333333336	52.5	52.416666666666664	57.833333333333336	53.166666666666664	59.833333333333336	42.458333333333336	66.95833333333333	63.166666666666664	51.458333333333336	55.875	48.833333333333336	57.791666666666664	53.458333333333336	62.5	59.166666666666664	45.5
2024-05-01	46.875	38.0	32.791666666666664	40.125	38.666666666666664	52.958333333333336	32.625	41.958333333333336	36.041666666666664	38.833333333333336	43.583333333333336	24.291666666666668	36.166666666666664	44.625	40.291666666666664	53.541666666666664	45.583333333333336
2024-05-02	53.625	47.916666666666664	44.708333333333336	52.0	48.208333333333336	66.95833333333333	36.875	55.125	58.458333333333336	53.375	58.958333333333336	46.208333333333336	59.25	56.666666666666664	54.375	66.95833333333333	60.25
2024-05-03	45.166666666666664	40.208333333333336	42.708333333333336	48.208333333333336	48.041666666666664	60.166666666666664	51.541666666666664	55.166666666666664	47.958333333333336	44.166666666666664	49.791666666666664	43.666666666666664	58.083333333333336	56.541666666666664	49.458333333333336	66.33333333333333	54.0
2024-05-04	45.541666666666664	44.875	37.25	44.75	40.833333333333336	58.333333333333336	26.75	49.375	35.583333333333336	43.416666666666664	45.375	30.217391304347824	49.5	46.75	47.0	54.875	50.25
2024-05-05	46.833333333333336	36.25	40.875	38.125	38.125	58.375	47.5	45.208333333333336	32.875	39.583333333333336	44.708333333333336	32.041666666666664	41.083333333333336	50.875	49.666666666666664	59.541666666666664	49.125
2024-05-06	60.0	55.416666666666664	48.541666666666664	57.583333333333336	47.208333333333336	72.54166666666667	37.458333333333336	54.541666666666664	52.916666666666664	61.708333333333336	63.125	49.583333333333336	60.416666666666664	63.25	51.416666666666664	73.875	56.666666666666664
2024-05-07	63.166666666666664	51.541666666666664	45.833333333333336	53.916666666666664	49.875	67.66666666666667	63.833333333333336	63.0	56.083333333333336	58.583333333333336	52.583333333333336	53.208333333333336	58.666666666666664	68.04166666666667	59.291666666666664	67.125	58.791666666666664
2024-05-08	52.833333333333336	49.5	42.75	55.833333333333336	47.541666666666664	59.875	33.958333333333336	48.833333333333336	50.208333333333336	50.25	61.208333333333336	48.208333333333336	56.833333333333336	66.29166666666667	49.583333333333336	59.25	64.70833333333333
2024-05-09	48.833333333333336	52.416666666666664	46.125	50.291666666666664	42.875	61.0	53.916666666666664	51.666666666666664	51.25	50.708333333333336	48.166666666666664	34.166666666666664	50.75	58.041666666666664	57.875	51.0	60.958333333333336
2024-05-10	44.916666666666664	39.125	46.875	47.208333333333336	43.625	59.916666666666664	53.34782608695652	53.166666666666664	49.875	48.416666666666664	38.875	48.458333333333336	47.291666666666664	59.041666666666664	44.208333333333336	51.166666666666664	51.333333333333336
2024-05-11	43.875	38.833333333333336	49.291666666666664	44.458333333333336	39.291666666666664	56.541666666666664	26.227272727272727	45.666666666666664	38.958333333333336	37.166666666666664	44.166666666666664	30.875	45.625	45.083333333333336	36.375	45.208333333333336	45.125
2024-05-12	42.375	34.666666666666664	38.791666666666664	41.875	37.333333333333336	49.041666666666664	24.083333333333332	43.666666666666664	33.333333333333336	42.666666666666664	34.958333333333336	24.541666666666668	30.041666666666668	36.291666666666664	38.458333333333336	45.041666666666664	45.25
2024-05-13	55.708333333333336	53.333333333333336	51.833333333333336	48.541666666666664	50.541666666666664	75.875	58.041666666666664	55.375	53.416666666666664	59.5	55.375	43.583333333333336	58.916666666666664	58.5	53.666666666666664	55.958333333333336	61.25
2024-05-14	46.625	50.541666666666664	43.916666666666664	47.708333333333336	45.083333333333336	58.75	36.541666666666664	50.916666666666664	53.5	45.125	44.791666666666664	46.333333333333336	42.708333333333336	58.833333333333336	56.833333333333336	49.833333333333336	53.25
2024-05-15	40.333333333333336	48.25	39.125	48.166666666666664	43.083333333333336	60.208333333333336	66.125	49.875	51.333333333333336	43.5	42.708333333333336	41.5	46.875	55.416666666666664	49.875	45.5	46.458333333333336
2024-05-16	41.75	46.916666666666664	49.583333333333336	49.875	41.416666666666664	62.041666666666664	29.833333333333332	55.083333333333336	49.583333333333336	43.708333333333336	44.291666666666664	41.0	45.125	59.125	50.25	43.708333333333336	53.375
2024-05-17	47.458333333333336	42.0	41.583333333333336	50.208333333333336	43.583333333333336	62.958333333333336	68.375	55.375	46.458333333333336	49.333333333333336	48.208333333333336	41.25	45.125	58.416666666666664	55.666666666666664	49.125	48.041666666666664
2024-05-18	41.583333333333336	37.083333333333336	42.083333333333336	46.208333333333336	42.458333333333336	51.541666666666664	38.458333333333336	40.666666666666664	39.625	38.333333333333336	34.166666666666664	28.416666666666668	42.166666666666664	46.666666666666664	48.458333333333336	40.916666666666664	47.0
2024-05-19	43.541666666666664	34.291666666666664	39.0	39.833333333333336	36.5	51.25	48.666666666666664	37.791666666666664	33.708333333333336	43.25	38.041666666666664	26.333333333333332	34.041666666666664	44.0	42.875	42.208333333333336	48.958333333333336
2024-05-20	54.458333333333336	45.833333333333336	48.083333333333336	53.375	51.791666666666664	54.083333333333336	39.5	46.625	49.75	58.083333333333336	43.541666666666664	45.791666666666664	45.666666666666664	56.5	41.083333333333336	42.166666666666664	52.75
2024-05-21	48.958333333333336	51.708333333333336	36.875	46.25	43.833333333333336	50.583333333333336	43.333333333333336	40.041666666666664	46.083333333333336	57.708333333333336	50.625	42.208333333333336	42.583333333333336	52.166666666666664	37.75	45.458333333333336	50.708333333333336
2024-05-22	42.916666666666664	48.541666666666664	39.625	49.458333333333336	44.458333333333336	43.375	46.791666666666664	47.916666666666664	50.5	52.833333333333336	51.583333333333336	41.708333333333336	47.583333333333336	48.5	46.541666666666664	45.0	58.916666666666664
2024-05-23	45.166666666666664	49.708333333333336	39.708333333333336	51.875	50.5	46.958333333333336	53.541666666666664	53.125	42.875	53.416666666666664	42.666666666666664	44.291666666666664	57.75	50.375	34.875	41.0	51.25
2024-05-24	42.416666666666664	38.875	37.833333333333336	48.083333333333336	40.083333333333336	42.833333333333336	29.666666666666668	48.75	48.333333333333336	40.125	43.416666666666664	45.208333333333336	42.75	44.958333333333336	41.791666666666664	37.625	47.875
2024-05-25	38.333333333333336	41.291666666666664	32.5	41.833333333333336	37.875	35.791666666666664	54.75	37.125	31.25	34.916666666666664	34.0	20.041666666666668	37.25	36.541666666666664	31.416666666666668	30.708333333333332	41.666666666666664
2024-05-26	34.125	26.166666666666668	24.208333333333332	37.875	34.333333333333336	29.041666666666668	18.833333333333332	29.208333333333332	25.625	34.583333333333336	29.875	19.708333333333332	23.75	26.791666666666668	30.125	34.291666666666664	31.041666666666668
2024-05-27	42.25	51.0	39.583333333333336	54.291666666666664	49.166666666666664	46.291666666666664	39.833333333333336	39.541666666666664	46.0	50.25	42.333333333333336	34.083333333333336	47.75	42.833333333333336	42.75	43.75	44.875
2024-05-28	35.083333333333336	41.25	38.125	47.5	46.75	38.708333333333336	30.791666666666668	37.416666666666664	52.458333333333336	42.208333333333336	41.708333333333336	27.125	36.833333333333336	32.333333333333336	36.916666666666664	39.458333333333336	42.75
2024-05-29	28.375	32.166666666666664	32.083333333333336	33.25	35.416666666666664	36.125	30.208333333333332	34.625	39.291666666666664	35.666666666666664	33.541666666666664	33.416666666666664	38.916666666666664	38.875	34.583333333333336	28.666666666666668	42.625
2024-05-30	24.708333333333332	31.458333333333332	25.375	37.0	33.166666666666664	30.0	25.25	30.875	22.291666666666668	33.875	26.791666666666668	14.5	27.625	35.333333333333336	26.833333333333332	34.333333333333336	41.041666666666664
2024-05-31	35.130434782608695	35.77272727272727	32.56521739130435	41.69565217391305	34.45454545454545	37.869565217391305	40.43478260869565	32.77272727272727	39.130434782608695	35.30434782608695	49.13636363636363	28.391304347826086	35.869565217391305	33.59090909090909	37.130434782608695	32.26086956521739	35.04347826086956
2024-06-01	37.083333333333336	32.541666666666664	27.166666666666668	41.333333333333336	38.333333333333336	34.166666666666664	29.916666666666668	36.625	33.041666666666664	38.0	33.125	20.083333333333332	38.791666666666664	30.541666666666668	35.041666666666664	29.0	37.416666666666664
2024-06-02	32.416666666666664	21.541666666666668	31.666666666666668	38.375	32.25	29.083333333333332	27.708333333333332	30.666666666666668	25.0	36.875	33.375	17.708333333333332	22.333333333333332	29.5	27.375	27.666666666666668	32.708333333333336
2024-06-03	36.5	47.25	35.875	49.833333333333336	46.333333333333336	29.791666666666668	36.458333333333336	43.91304347826087	51.125	48.875	40.166666666666664	33.21739130434783	37.375	43.416666666666664	42.208333333333336	36.73913043478261	44.583333333333336
2024-06-04	43.708333333333336	41.083333333333336	36.833333333333336	42.833333333333336	36.125	41.25	27.666666666666668	37.458333333333336	43.833333333333336	40.958333333333336	44.291666666666664	37.041666666666664	35.25	44.458333333333336	41.125	34.791666666666664	47.208333333333336
2024-06-05	40.041666666666664	39.86363636363637	31.708333333333332	48.166666666666664	37.416666666666664	35.541666666666664	30.083333333333332	42.375	52.708333333333336	36.833333333333336	31.666666666666668	36.833333333333336	42.0	37.625	35.958333333333336	32.291666666666664	41.5
2024-06-06	26.041666666666668	50.0	34.291666666666664	49.083333333333336	44.041666666666664	30.791666666666668	37.541666666666664	40.083333333333336	36.583333333333336	40.041666666666664	42.291666666666664	29.291666666666668	42.916666666666664	36.916666666666664	29.625	33.541666666666664	42.625
2024-06-07	31.666666666666668	30.666666666666668	41.166666666666664	44.208333333333336	46.708333333333336	38.0	28.5	36.458333333333336	49.666666666666664	29.041666666666668	34.25	33.583333333333336	39.875	36.791666666666664	30.833333333333332	30.958333333333332	44.583333333333336
2024-06-08	29.958333333333332	27.88235294117647	27.666666666666668	30.958333333333332	29.833333333333332	23.210526315789473	21.916666666666668	25.916666666666668	24.666666666666668	28.791666666666668	24.666666666666668	13.166666666666666	27.958333333333332	37.125	21.291666666666668	21.916666666666668	34.473684210526315
2024-06-09	33.916666666666664	29.125	26.416666666666668	45.166666666666664	34.125	30.666666666666668	20.041666666666668	35.125	19.833333333333332	29.583333333333332	31.166666666666668	15.291666666666666	25.875	28.0	29.708333333333332	29.958333333333332	41.708333333333336
2024-06-10	36.833333333333336	52.166666666666664	43.833333333333336	47.458333333333336	49.458333333333336	44.958333333333336	28.625	47.25	46.166666666666664	50.583333333333336	45.208333333333336	30.782608695652176	42.791666666666664	44.5	33.916666666666664	38.708333333333336	51.083333333333336
2024-06-11	32.25	35.0	34.0	46.458333333333336	49.5	37.541666666666664	23.958333333333332	40.0	49.791666666666664	46.59090909090909	30.541666666666668	26.291666666666668	34.04761904761905	40.916666666666664	44.875	25.666666666666668	57.625
2024-06-12	37.541666666666664	39.708333333333336	33.583333333333336	46.416666666666664	49.333333333333336	50.666666666666664	24.217391304347824	45.958333333333336	48.166666666666664	35.916666666666664	43.083333333333336	36.083333333333336	39.25	44.166666666666664	36.958333333333336	38.625	42.375
2024-06-13	36.5	35.375	30.041666666666668	49.833333333333336	45.0	40.75	16.333333333333332	53.166666666666664	46.0	40.333333333333336	40.25	22.791666666666668	33.041666666666664	38.625	33.75	33.75	35.083333333333336
2024-06-14	38.0	48.541666666666664	38.333333333333336	41.625	45.375	39.583333333333336	20.166666666666668	43.166666666666664	40.583333333333336	32.083333333333336	37.5	22.708333333333332	34.958333333333336	51.041666666666664	36.583333333333336	40.375	34.541666666666664
2024-06-15	40.583333333333336	40.375	45.125	44.416666666666664	41.166666666666664	38.291666666666664	27.583333333333332	36.625	32.125	29.666666666666668	37.833333333333336	22.333333333333332	31.708333333333332	38.208333333333336	32.708333333333336	35.75	36.75
2024-06-16	48.875	33.583333333333336	30.666666666666668	36.5	37.958333333333336	39.208333333333336	17.625	38.25	22.0	32.416666666666664	40.791666666666664	17.125	21.083333333333332	36.208333333333336	40.583333333333336	35.041666666666664	39.208333333333336
2024-06-17	47.041666666666664	52.958333333333336	43.208333333333336	46.083333333333336	57.958333333333336	47.333333333333336	22.583333333333332	44.541666666666664	51.458333333333336	51.791666666666664	45.625	38.25	39.083333333333336	47.0	46.708333333333336	42.125	48.21739130434783
2024-06-18	46.541666666666664	44.47826086956522	37.458333333333336	45.25	47.375	58.0	30.5	48.125	47.791666666666664	36.541666666666664	52.333333333333336	31.125	40.875	56.75	35.125	42.125	47.708333333333336
2024-06-19	45.083333333333336	38.791666666666664	23.5	41.75	49.333333333333336	42.0	27.666666666666668	48.5	51.041666666666664	35.875	34.708333333333336	35.541666666666664	37.833333333333336	47.375	46.541666666666664	38.416666666666664	38.78260869565217
2024-06-20	47.541666666666664	39.541666666666664	40.25	44.083333333333336	52.5	46.541666666666664	25.5	46.041666666666664	44.25	35.125	42.666666666666664	25.333333333333332	35.541666666666664	47.5	42.5	36.875	46.541666666666664
2024-06-21	44.916666666666664	42.541666666666664	38.041666666666664	51.291666666666664	51.875	46.333333333333336	25.166666666666668	52.0	49.458333333333336	34.791666666666664	51.25	36.166666666666664	40.041666666666664	45.208333333333336	48.25	35.708333333333336	43.125
2024-06-22	37.958333333333336	40.416666666666664	39.25	39.416666666666664	42.833333333333336	43.583333333333336	25.5	44.5	32.583333333333336	27.041666666666668	52.041666666666664	23.125	31.333333333333332	34.458333333333336	44.333333333333336	33.958333333333336	40.375
2024-06-23	46.458333333333336	30.083333333333332	29.541666666666668	34.041666666666664	46.958333333333336	37.666666666666664	17.0	39.25	24.958333333333332	36.625	29.875	13.791666666666666	18.041666666666668	37.541666666666664	39.375	32.375	32.958333333333336
2024-06-24	50.166666666666664	45.333333333333336	41.625	48.166666666666664	56.958333333333336	45.125	31.291666666666668	53.083333333333336	46.75	47.041666666666664	39.458333333333336	48.875	41.291666666666664	47.833333333333336	53.375	43.541666666666664	46.791666666666664
2024-06-25	39.583333333333336	35.25	41.375	48.041666666666664	43.583333333333336	43.0	25.875	42.666666666666664	48.291666666666664	37.208333333333336	37.958333333333336	47.708333333333336	32.875	44.25	48.291666666666664	39.958333333333336	47.083333333333336
2024-06-26	41.166666666666664	41.75	43.083333333333336	42.916666666666664	43.416666666666664	46.125	23.708333333333332	47.208333333333336	51.208333333333336	39.291666666666664	52.125	49.166666666666664	37.25	41.416666666666664	62.708333333333336	39.75	40.375
2024-06-27	34.375	40.333333333333336	39.333333333333336	39.083333333333336	38.791666666666664	46.78260869565217	20.958333333333332	39.583333333333336	44.833333333333336	32.958333333333336	48.583333333333336	48.541666666666664	35.458333333333336	41.333333333333336	60.125	34.041666666666664	46.833333333333336
2024-06-28	31.375	38.791666666666664	33.333333333333336	50.125	50.416666666666664	42.666666666666664	23.541666666666668	50.791666666666664	49.208333333333336	30.833333333333332	42.875	42.916666666666664	36.875	42.625	40.75	41.708333333333336	36.125
2024-06-29	27.75	35.5	38.791666666666664	35.958333333333336	45.458333333333336	38.75	15.666666666666666	49.833333333333336	29.958333333333332	25.166666666666668	36.625	26.583333333333332	27.791666666666668	43.416666666666664	34.166666666666664	35.166666666666664	36.041666666666664
2024-06-30	36.583333333333336	25.291666666666668	25.375	27.708333333333332	32.083333333333336	34.958333333333336	29.666666666666668	27.791666666666668	22.625	29.416666666666668	40.708333333333336	25.291666666666668	19.0	27.041666666666668	37.75	30.5	35.25
2024-07-01	35.25	32.083333333333336	36.375	45.125	41.0	45.625	21.416666666666668	42.25	40.875	40.041666666666664	40.416666666666664	47.166666666666664	43.166666666666664	43.5	42.666666666666664	38.25	42.083333333333336
2024-07-02	37.0	41.833333333333336	48.416666666666664	43.625	40.0	50.625	47.958333333333336	39.5	44.083333333333336	43.125	48.208333333333336	55.708333333333336	45.958333333333336	47.5	60.333333333333336	41.583333333333336	41.416666666666664
2024-07-03	39.166666666666664	36.916666666666664	40.416666666666664	45.041666666666664	45.458333333333336	47.0	27.136363636363637	37.125	46.958333333333336	37.166666666666664	35.291666666666664	48.208333333333336	48.041666666666664	40.958333333333336	54.5	43.041666666666664	41.291666666666664
2024-07-04	41.958333333333336	50.166666666666664	37.75	46.583333333333336	45.291666666666664	49.541666666666664	52.68181818181818	40.208333333333336	39.25	36.666666666666664	49.375	45.541666666666664	43.166666666666664	44.375	57.291666666666664	42.75	47.333333333333336
2024-07-05	42.25	45.833333333333336	44.208333333333336	47.666666666666664	52.25	52.375	37.583333333333336	43.125	43.208333333333336	31.833333333333332	35.916666666666664	53.125	55.458333333333336	44.708333333333336	50.791666666666664	41.625	38.916666666666664
2024-07-06	38.291666666666664	38.541666666666664	44.25	37.666666666666664	34.0	40.375	47.791666666666664	34.5	30.291666666666668	31.041666666666668	32.833333333333336	33.0	31.166666666666668	36.125	46.25	37.5	41.875
2024-07-07	39.166666666666664	26.166666666666668	33.458333333333336	31.916666666666668	31.25	37.041666666666664	22.125	36.125	28.958333333333332	28.75	36.875	26.25	24.333333333333332	34.208333333333336	46.416666666666664	38.958333333333336	36.791666666666664
2024-07-08	26.291666666666668	33.416666666666664	39.125	42.833333333333336	36.666666666666664	41.09090909090909	47.208333333333336	28.583333333333332	37.416666666666664	34.041666666666664	31.458333333333332	44.791666666666664	34.041666666666664	40.083333333333336	51.75	41.708333333333336	36.208333333333336
2024-07-09	24.833333333333332	21.5	26.458333333333332	26.791666666666668	26.541666666666668	25.541666666666668	22.416666666666668	28.25	23.708333333333332	25.958333333333332	25.958333333333332	24.333333333333332	24.666666666666668	34.708333333333336	38.083333333333336	24.0	24.5
2024-07-10	36.416666666666664	30.916666666666668	36.791666666666664	43.375	43.291666666666664	41.625	44.041666666666664	38.625	43.208333333333336	33.416666666666664	28.833333333333332	37.125	34.583333333333336	40.75	53.416666666666664	36.625	37.25
2024-07-11	39.708333333333336	37.541666666666664	41.291666666666664	48.666666666666664	39.375	44.166666666666664	39.75	45.5	46.625	35.541666666666664	36.541666666666664	49.75	43.541666666666664	39.791666666666664	57.73913043478261	40.833333333333336	44.708333333333336
2024-07-12	29.0	39.416666666666664	41.541666666666664	45.75	33.833333333333336	41.25	63.916666666666664	39.875	41.541666666666664	39.25	29.5	38.708333333333336	35.375	38.583333333333336	52.791666666666664	35.166666666666664	38.916666666666664
2024-07-13	34.45454545454545	52.166666666666664	29.333333333333332	30.416666666666668	32.333333333333336	30.166666666666668	32.25	33.208333333333336	27.5	23.0	32.583333333333336	24.291666666666668	35.5	34.083333333333336	45.81818181818182	29.291666666666668	29.416666666666668
2024-07-14	39.458333333333336	25.208333333333332	29.0	27.625	30.708333333333332	33.5	46.125	35.416666666666664	28.0	24.041666666666668	29.708333333333332	23.25	26.130434782608695	29.291666666666668	45.166666666666664	30.333333333333332	31.25
2024-07-15	29.0	32.333333333333336	28.458333333333332	38.458333333333336	40.791666666666664	30.291666666666668	30.916666666666668	37.791666666666664	41.5	39.083333333333336	33.875	50.791666666666664	34.416666666666664	41.791666666666664	48.583333333333336	40.375	44.869565217391305
2024-07-16	34.5	31.875	32.5	36.25	36.125	36.958333333333336	49.541666666666664	40.333333333333336	38.875	37.625	33.75	42.625	43.583333333333336	39.125	49.791666666666664	44.583333333333336	42.958333333333336
2024-07-17	29.75	38.25	32.541666666666664	40.75	38.083333333333336	35.958333333333336	36.625	34.166666666666664	38.375	33.291666666666664	30.0	38.666666666666664	38.59090909090909	43.583333333333336	51.0	42.625	41.083333333333336
2024-07-18	33.0	32.875	29.791666666666668	35.708333333333336	31.25	43.291666666666664	32.666666666666664	37.041666666666664	37.791666666666664	37.125	36.083333333333336	33.666666666666664	43.791666666666664	37.208333333333336	38.541666666666664	35.166666666666664	35.291666666666664
2024-07-19	28.454545454545453	24.666666666666668	27.681818181818183	37.541666666666664	34.125	28.25	24.75	36.291666666666664	34.375	31.791666666666668	27.75	36.541666666666664	28.625	25.458333333333332	41.0	21.208333333333332	32.541666666666664
2024-07-20	37.333333333333336	31.583333333333332	28.166666666666668	37.875	27.208333333333332	33.0	29.708333333333332	34.291666666666664	27.625	30.166666666666668	26.291666666666668	21.5	32.916666666666664	35.208333333333336	44.333333333333336	34.208333333333336	37.458333333333336
2024-07-21	33.833333333333336	22.875	26.833333333333332	31.583333333333332	29.833333333333332	28.291666666666668	15.333333333333334	31.708333333333332	22.333333333333332	21.25	28.125	16.708333333333332	22.75	29.791666666666668	28.708333333333332	35.666666666666664	36.5
2024-07-22	27.916666666666668	39.208333333333336	40.125	43.208333333333336	41.083333333333336	46.5	59.166666666666664	31.583333333333332	44.791666666666664	38.916666666666664	38.375	41.958333333333336	35.625	39.666666666666664	39.583333333333336	39.416666666666664	43.791666666666664
2024-07-23	27.041666666666668	33.083333333333336	33.75	38.5	38.5	42.416666666666664	26.333333333333332	32.583333333333336	37.130434782608695	35.333333333333336	46.166666666666664	33.958333333333336	41.583333333333336	35.166666666666664	34.458333333333336	42.916666666666664	40.791666666666664
2024-07-24	29.625	45.583333333333336	32.166666666666664	43.375	37.416666666666664	47.208333333333336	53.916666666666664	36.5	46.875	34.541666666666664	36.833333333333336	36.666666666666664	44.458333333333336	34.791666666666664	39.0	39.375	47.875
2024-07-25	31.625	46.625	31.458333333333332	42.5	42.791666666666664	38.208333333333336	33.17391304347826	33.791666666666664	42.291666666666664	32.791666666666664	40.75	31.166666666666668	40.958333333333336	43.458333333333336	40.083333333333336	43.416666666666664	41.791666666666664
2024-07-26	29.458333333333332	44.666666666666664	33.375	40.291666666666664	40.916666666666664	37.125	62.27272727272727	34.5	35.375	34.291666666666664	32.791666666666664	39.833333333333336	44.166666666666664	40.25	37.916666666666664	35.5	44.458333333333336
2024-07-27	22.916666666666668	39.708333333333336	31.75	39.708333333333336	36.291666666666664	37.875	20.041666666666668	38.458333333333336	27.833333333333332	25.833333333333332	39.583333333333336	22.75	28.5	39.875	34.125	34.333333333333336	37.166666666666664
2024-07-28	17.25	28.208333333333332	23.875	29.375	31.791666666666668	30.416666666666668	42.583333333333336	27.75	21.333333333333332	20.083333333333332	29.5	19.208333333333332	18.0	29.583333333333332	25.083333333333332	32.958333333333336	32.458333333333336
2024-07-29	28.25	40.083333333333336	29.333333333333332	43.875	36.5	45.583333333333336	24.75	35.833333333333336	40.166666666666664	32.708333333333336	31.041666666666668	41.166666666666664	42.875	41.25	38.25	45.73913043478261	40.75
2024-07-30	24.583333333333332	26.708333333333332	29.875	30.416666666666668	30.416666666666668	30.083333333333332	44.130434782608695	33.291666666666664	27.0	22.25	34.0	40.416666666666664	37.791666666666664	31.583333333333332	33.708333333333336	33.458333333333336	20.47826086956522
2024-07-31	25.375	40.583333333333336	22.208333333333332	40.791666666666664	33.791666666666664	40.375	27.041666666666668	37.583333333333336	34.416666666666664	31.125	39.916666666666664	32.791666666666664	33.875	36.208333333333336	31.916666666666668	31.0	43.166666666666664
2024-08-01	22.958333333333332	32.958333333333336	22.91304347826087	45.041666666666664	37.583333333333336	33.75	49.833333333333336	37.291666666666664	28.708333333333332	18.0	33.416666666666664	30.782608695652176	30.083333333333332	26.208333333333332	26.833333333333332	40.0	37.916666666666664
2024-08-02	22.125	42.208333333333336	29.041666666666668	43.458333333333336	43.625	32.541666666666664	22.625	35.041666666666664	32.541666666666664	21.75	31.541666666666668	35.73913043478261	30.291666666666668	23.875	32.333333333333336	29.476190476190474	28.791666666666668
2024-08-03	31.708333333333332	33.458333333333336	34.791666666666664	36.333333333333336	36.041666666666664	36.666666666666664	53.81818181818182	35.958333333333336	25.565217391304348	19.708333333333332	30.666666666666668	23.0	31.583333333333332	36.458333333333336	26.0	39.291666666666664	30.75
2024-08-04	32.875	30.25	23.875	34.541666666666664	33.25	35.333333333333336	29.791666666666668	32.416666666666664	21.916666666666668	24.208333333333332	27.25	18.041666666666668	18.333333333333332	31.416666666666668	35.541666666666664	33.833333333333336	34.458333333333336
2024-08-05	33.625	46.666666666666664	35.0	48.375	55.5	48.291666666666664	48.75	43.208333333333336	39.458333333333336	39.75	47.375	44.125	34.583333333333336	51.166666666666664	45.166666666666664	52.875	52.875
2024-08-06	46.869565217391305	45.291666666666664	38.125	52.0	41.666666666666664	50.291666666666664	27.666666666666668	53.208333333333336	48.833333333333336	45.541666666666664	48.625	50.666666666666664	46.875	60.083333333333336	49.708333333333336	50.416666666666664	64.20833333333333
2024-08-07	32.666666666666664	44.21739130434783	37.708333333333336	53.833333333333336	51.833333333333336	48.458333333333336	34.31818181818182	51.208333333333336	45.75	41.25	50.083333333333336	43.833333333333336	45.666666666666664	59.916666666666664	48.958333333333336	57.0	48.416666666666664
2024-08-08	38.916666666666664	37.333333333333336	29.0	40.0	44.166666666666664	40.375	27.17391304347826	37.708333333333336	40.86363636363637	43.791666666666664	40.708333333333336	36.541666666666664	51.166666666666664	45.5	37.0	45.458333333333336	49.0
2024-08-09	29.791666666666668	31.125	35.208333333333336	51.625	46.208333333333336	39.333333333333336	38.25	43.875	42.666666666666664	35.958333333333336	40.958333333333336	48.416666666666664	42.333333333333336	48.40909090909091	36.625	41.541666666666664	50.291666666666664
2024-08-10	23.583333333333332	35.75	34.041666666666664	45.791666666666664	36.75	39.375	13.708333333333334	40.0	28.833333333333332	45.583333333333336	37.041666666666664	23.083333333333332	37.041666666666664	40.333333333333336	34.583333333333336	40.708333333333336	33.0
2024-08-11	38.458333333333336	30.083333333333332	33.583333333333336	39.5	34.5	36.333333333333336	12.291666666666666	43.583333333333336	21.416666666666668	37.083333333333336	36.75	25.25	25.458333333333332	45.541666666666664	29.166666666666668	43.5	39.666666666666664
2024-08-12	42.0	52.208333333333336	46.958333333333336	48.208333333333336	58.625	48.25	30.666666666666668	55.833333333333336	48.04545454545455	44.5	51.958333333333336	53.958333333333336	40.833333333333336	55.458333333333336	40.291666666666664	60.875	65.04166666666667
2024-08-13	38.166666666666664	48.041666666666664	48.708333333333336	57.125	56.541666666666664	43.625	46.416666666666664	51.125	48.958333333333336	54.208333333333336	54.208333333333336	54.416666666666664	48.75	55.125	51.0	56.291666666666664	60.458333333333336
2024-08-14	40.333333333333336	44.041666666666664	51.5	57.916666666666664	53.875	42.541666666666664	24.041666666666668	53.458333333333336	49.083333333333336	49.583333333333336	57.541666666666664	52.958333333333336	44.375	60.75	49.833333333333336	44.666666666666664	57.125
2024-08-15	45.375	54.958333333333336	48.166666666666664	64.66666666666667	59.708333333333336	57.416666666666664	39.125	58.083333333333336	46.416666666666664	56.0	51.083333333333336	52.541666666666664	56.625	64.83333333333333	58.125	54.458333333333336	58.583333333333336
2024-08-16	39.416666666666664	46.041666666666664	54.0	66.16666666666667	54.083333333333336	51.25	25.458333333333332	55.0	51.375	56.25	51.708333333333336	57.458333333333336	53.958333333333336	65.125	52.666666666666664	50.75	58.708333333333336
2024-08-17	47.708333333333336	37.958333333333336	51.291666666666664	49.75	45.958333333333336	47.791666666666664	32.583333333333336	53.083333333333336	37.583333333333336	43.916666666666664	47.625	38.583333333333336	41.75	49.625	48.0	49.083333333333336	64.83333333333333
2024-08-18	49.791666666666664	33.0	36.208333333333336	42.791666666666664	39.833333333333336	37.791666666666664	17.083333333333332	47.916666666666664	30.25	34.75	47.5	36.583333333333336	27.041666666666668	44.5	46.541666666666664	44.083333333333336	51.416666666666664
2024-08-19	60.958333333333336	55.5	62.0	73.125	58.333333333333336	62.291666666666664	40.25	62.416666666666664	55.458333333333336	71.95833333333333	62.75	68.25	50.333333333333336	72.75	61.416666666666664	68.625	67.45833333333333
2024-08-20	50.916666666666664	54.541666666666664	56.166666666666664	69.66666666666667	52.833333333333336	63.21739130434783	45.73684210526316	55.916666666666664	51.5	59.875	44.958333333333336	62.125	42.958333333333336	71.54166666666667	59.583333333333336	66.54166666666667	61.666666666666664
2024-08-21	52.875	60.041666666666664	61.583333333333336	65.875	63.875	51.291666666666664	25.875	60.166666666666664	53.75	61.083333333333336	60.25	63.5	47.916666666666664	66.29166666666667	59.791666666666664	51.791666666666664	64.45833333333333
2024-08-22	46.8	50.529411764705884	48.25	56.9375	56.35294117647059	51.13333333333333	31.36842105263158	54.72222222222222	42.5	53.11764705882353	47.88235294117647	46.64705882352941	46.529411764705884	65.16666666666667	58.25	51.94444444444444	60.1764705882353
2024-08-23	50.57142857142857	39.38461538461539	34.642857142857146	57.05882352941177	54.93333333333333	55.35294117647059	44.666666666666664	46.61538461538461	43.083333333333336	57.23076923076923	51.53846153846154	49.411764705882355	42.4375	57.470588235294116	55.10526315789474	43.30769230769231	48.5
2024-08-24	30.416666666666668	31.23076923076923	42.92857142857143	37.916666666666664	48.0	44.13333333333333	24.6875	40.38461538461539	35.76470588235294	44.285714285714285	44.2	36.4	29.307692307692307	42.0	40.05882352941177	43.0	40.714285714285715
2024-08-25	42.0	6.666666666666667	15.0	10.0	31.0	25.0	29.5	27.25	8.5	31.5	20.5	17.666666666666668	20.0	25.875	40.0	22.2	24.25
2024-08-26	45.75	35.4	56.63636363636363	64.6923076923077	50.77777777777778	58.84615384615385	17.2	59.45454545454545	34.75	41.0	35.333333333333336	36.23076923076923	46.333333333333336	54.333333333333336	73.6	54.5	38.125
2024-08-27	42.22222222222222	45.31578947368421	48.04545454545455	47.89473684210526	56.05	57.714285714285715	37.1764705882353	48.45	53.7	53.31578947368421	58.76470588235294	50.85	43.35294117647059	49.23529411764706	48.22222222222222	52.95	53.578947368421055
2024-08-28	40.0	48.25	47.708333333333336	47.416666666666664	54.541666666666664	52.458333333333336	26.916666666666668	49.416666666666664	44.541666666666664	59.208333333333336	49.458333333333336	44.625	43.375	51.375	57.083333333333336	53.166666666666664	52.375
2024-08-29	50.458333333333336	50.166666666666664	47.5	52.166666666666664	54.916666666666664	60.708333333333336	38.333333333333336	51.625	55.958333333333336	49.5	43.791666666666664	47.166666666666664	43.583333333333336	48.041666666666664	52.666666666666664	56.791666666666664	57.666666666666664
2024-08-30	50.041666666666664	45.5	53.166666666666664	54.416666666666664	53.541666666666664	61.333333333333336	24.666666666666668	50.625	50.75	51.75	39.833333333333336	46.833333333333336	48.083333333333336	53.291666666666664	48.083333333333336	53.083333333333336	51.833333333333336
2024-08-31	36.5	35.0	41.583333333333336	36.25	43.833333333333336	44.041666666666664	39.416666666666664	44.458333333333336	30.666666666666668	41.041666666666664	42.458333333333336	26.583333333333332	36.583333333333336	46.25	38.791666666666664	48.041666666666664	44.583333333333336
2024-09-01	46.125	28.791666666666668	45.333333333333336	33.666666666666664	42.5	38.416666666666664	11.583333333333334	42.25	28.583333333333332	36.583333333333336	37.041666666666664	33.75	23.166666666666668	37.0	36.25	47.708333333333336	30.333333333333332
2024-09-02	56.541666666666664	48.125	54.0	57.166666666666664	63.458333333333336	55.541666666666664	47.041666666666664	50.208333333333336	55.583333333333336	69.0	59.958333333333336	58.416666666666664	51.458333333333336	59.458333333333336	56.666666666666664	54.083333333333336	53.416666666666664
2024-09-03	39.30434782608695	51.18181818181818	43.416666666666664	43.041666666666664	53.75	50.958333333333336	23.291666666666668	49.416666666666664	30.166666666666668	46.5	32.166666666666664	48.458333333333336	41.65217391304348	49.875	44.916666666666664	50.0	56.208333333333336
2024-09-04	42.125	50.541666666666664	47.916666666666664	54.875	63.041666666666664	51.416666666666664	18.625	53.625	50.875	57.791666666666664	44.416666666666664	42.91304347826087	51.291666666666664	53.333333333333336	54.208333333333336	49.333333333333336	53.625
2024-09-05	54.708333333333336	44.583333333333336	49.375	49.458333333333336	52.916666666666664	57.916666666666664	25.333333333333332	59.625	50.708333333333336	47.458333333333336	47.375	47.666666666666664	48.0	51.125	47.833333333333336	50.47826086956522	58.208333333333336
2024-09-06	44.958333333333336	39.833333333333336	48.958333333333336	45.25	56.708333333333336	48.0	35.083333333333336	48.583333333333336	48.541666666666664	53.083333333333336	47.083333333333336	50.0	43.666666666666664	51.416666666666664	48.541666666666664	48.625	54.166666666666664
2024-09-07	36.583333333333336	33.666666666666664	46.375	37.166666666666664	52.083333333333336	45.541666666666664	25.958333333333332	47.208333333333336	34.791666666666664	36.333333333333336	41.041666666666664	21.625	27.791666666666668	45.5	38.25	44.833333333333336	47.041666666666664
2024-09-08	55.0	34.083333333333336	44.5	45.5	42.333333333333336	46.25	15.708333333333334	40.833333333333336	28.0	45.458333333333336	42.375	27.75	28.583333333333332	37.208333333333336	42.5	47.541666666666664	42.833333333333336
2024-09-09	52.0	51.5	54.416666666666664	53.833333333333336	62.75	55.875	31.166666666666668	57.333333333333336	57.833333333333336	66.70833333333333	52.5	53.833333333333336	44.25	50.25	53.666666666666664	50.583333333333336	61.166666666666664
2024-09-10	46.083333333333336	49.666666666666664	46.291666666666664	50.166666666666664	57.041666666666664	56.75	48.083333333333336	48.166666666666664	53.08695652173913	59.25	49.583333333333336	44.25	51.916666666666664	51.541666666666664	59.583333333333336	51.5	53.291666666666664
2024-09-11	49.625	46.25	41.625	50.166666666666664	56.166666666666664	47.833333333333336	25.625	49.041666666666664	52.916666666666664	51.291666666666664	50.458333333333336	39.0	52.375	49.875	59.291666666666664	38.916666666666664	48.75
2024-09-12	51.0	32.083333333333336	38.583333333333336	49.375	56.041666666666664	48.25	47.5	47.541666666666664	52.0	51.0	48.666666666666664	35.041666666666664	43.56521739130435	41.166666666666664	42.708333333333336	47.083333333333336	46.541666666666664
2024-09-13	43.916666666666664	35.666666666666664	39.625	49.75	47.958333333333336	42.041666666666664	27.583333333333332	47.166666666666664	46.166666666666664	58.541666666666664	37.375	33.75	45.166666666666664	43.208333333333336	50.416666666666664	45.208333333333336	55.541666666666664
2024-09-14	45.958333333333336	32.583333333333336	39.291666666666664	38.333333333333336	42.666666666666664	53.208333333333336	53.458333333333336	44.041666666666664	36.291666666666664	35.708333333333336	37.416666666666664	25.125	37.375	42.083333333333336	49.5	40.583333333333336	43.541666666666664
2024-09-15	33.833333333333336	27.875	29.541666666666668	37.166666666666664	40.75	33.458333333333336	20.458333333333332	41.583333333333336	29.291666666666668	34.26086956521739	31.458333333333332	16.458333333333332	24.5	37.875	42.583333333333336	35.416666666666664	38.041666666666664
2024-09-16	46.0	38.375	35.625	41.583333333333336	54.208333333333336	48.333333333333336	59.291666666666664	40.125	37.208333333333336	49.125	36.791666666666664	38.5	36.375	44.625	51.166666666666664	53.375	45.833333333333336
2024-09-17	43.125	35.791666666666664	34.291666666666664	46.041666666666664	45.458333333333336	41.041666666666664	28.875	50.375	46.458333333333336	46.75	35.125	39.208333333333336	44.75	51.25	56.333333333333336	43.833333333333336	46.25
2024-09-18	45.541666666666664	38.17391304347826	44.041666666666664	42.416666666666664	40.166666666666664	45.583333333333336	63.291666666666664	47.333333333333336	40.833333333333336	46.291666666666664	36.458333333333336	38.958333333333336	40.541666666666664	50.25	43.125	50.333333333333336	45.041666666666664
2024-09-19	45.166666666666664	43.166666666666664	39.5	42.125	38.291666666666664	42.666666666666664	31.375	48.666666666666664	49.041666666666664	54.375	33.25	32.666666666666664	42.333333333333336	45.75	51.791666666666664	38.0	46.875
2024-09-20	39.583333333333336	39.0	47.666666666666664	48.625	44.791666666666664	47.083333333333336	46.458333333333336	47.208333333333336	40.791666666666664	49.0	33.625	32.208333333333336	47.458333333333336	41.166666666666664	46.333333333333336	40.5	43.333333333333336
2024-09-21	35.166666666666664	34.708333333333336	38.666666666666664	38.291666666666664	38.458333333333336	50.083333333333336	35.708333333333336	40.458333333333336	31.25	38.166666666666664	35.708333333333336	23.041666666666668	30.041666666666668	43.875	42.291666666666664	35.291666666666664	44.708333333333336
2024-09-22	42.083333333333336	29.625	24.0	34.25	34.833333333333336	33.666666666666664	18.583333333333332	41.166666666666664	23.833333333333332	33.583333333333336	32.291666666666664	18.5	25.75	37.5	34.416666666666664	29.5	41.958333333333336
2024-09-23	46.708333333333336	50.583333333333336	45.125	53.083333333333336	53.375	52.333333333333336	44.625	49.583333333333336	43.833333333333336	52.458333333333336	47.916666666666664	42.208333333333336	53.291666666666664	54.916666666666664	53.458333333333336	47.083333333333336	48.75
2024-09-24	49.416666666666664	51.833333333333336	38.666666666666664	55.416666666666664	48.625	56.0	45.041666666666664	48.666666666666664	47.583333333333336	45.541666666666664	40.375	44.166666666666664	51.333333333333336	53.666666666666664	48.208333333333336	42.916666666666664	51.375
2024-09-25	37.583333333333336	37.291666666666664	33.25	44.75	47.416666666666664	45.625	32.75	46.25	36.166666666666664	40.666666666666664	35.958333333333336	30.041666666666668	43.041666666666664	49.0	31.25	42.125	47.041666666666664
2024-09-26	35.458333333333336	33.75	37.541666666666664	40.5	37.166666666666664	47.875	52.833333333333336	39.25	37.5	42.708333333333336	35.5	32.916666666666664	48.333333333333336	46.916666666666664	47.333333333333336	45.458333333333336	46.541666666666664
2024-09-27	28.541666666666668	23.375	23.347826086956523	38.0	31.25	31.958333333333332	18.208333333333332	35.95652173913044	18.541666666666668	33.958333333333336	24.583333333333332	20.291666666666668	24.791666666666668	39.958333333333336	29.875	28.0	45.416666666666664
2024-09-28	20.75	29.958333333333332	33.875	37.625	35.041666666666664	38.75	34.125	41.791666666666664	23.875	30.458333333333332	25.583333333333332	23.75	31.958333333333332	42.208333333333336	26.916666666666668	38.666666666666664	43.083333333333336
2024-09-29	40.69565217391305	22.52173913043478	26.625	24.708333333333332	34.041666666666664	32.541666666666664	16.625	34.375	24.083333333333332	29.041666666666668	20.541666666666668	17.0	24.291666666666668	32.333333333333336	34.26086956521739	23.791666666666668	19.125
2024-09-30	36.583333333333336	40.666666666666664	40.208333333333336	58.75	52.125	54.041666666666664	52.25	46.291666666666664	48.041666666666664	36.958333333333336	40.041666666666664	40.625	50.142857142857146	55.541666666666664	57.916666666666664	48.083333333333336	47.708333333333336
2024-10-01	40.0	52.541666666666664	45.291666666666664	54.041666666666664	44.291666666666664	55.875	37.416666666666664	47.041666666666664	49.333333333333336	37.333333333333336	41.041666666666664	45.666666666666664	53.291666666666664	49.291666666666664	48.958333333333336	46.416666666666664	61.208333333333336
2024-10-02	39.916666666666664	44.041666666666664	40.625	49.541666666666664	48.083333333333336	52.208333333333336	54.5	47.0	54.458333333333336	43.791666666666664	39.916666666666664	37.958333333333336	49.541666666666664	54.291666666666664	50.708333333333336	38.125	53.416666666666664
2024-10-03	30.625	40.30434782608695	38.0	45.916666666666664	40.791666666666664	41.125	24.375	39.5	49.5	39.73913043478261	36.75	31.166666666666668	43.083333333333336	47.583333333333336	47.125	37.583333333333336	54.375
2024-10-04	30.625	38.75	43.375	49.833333333333336	45.5	41.958333333333336	67.0	39.791666666666664	48.666666666666664	35.458333333333336	31.083333333333332	37.25	45.416666666666664	50.166666666666664	43.416666666666664	43.666666666666664	51.75
2024-10-05	26.333333333333332	33.25	35.583333333333336	45.583333333333336	36.041666666666664	42.541666666666664	31.416666666666668	41.375	24.5	28.583333333333332	27.125	21.458333333333332	30.708333333333332	40.708333333333336	36.416666666666664	32.625	44.333333333333336
2024-10-06	43.5	27.708333333333332	29.166666666666668	47.75	32.208333333333336	38.416666666666664	21.583333333333332	52.75	19.541666666666668	28.666666666666668	32.333333333333336	17.708333333333332	19.166666666666668	59.208333333333336	34.208333333333336	35.0	43.916666666666664
2024-10-07	36.833333333333336	40.333333333333336	40.125	48.833333333333336	55.041666666666664	49.875	39.083333333333336	46.291666666666664	50.583333333333336	45.458333333333336	37.875	45.333333333333336	37.5	56.041666666666664	46.166666666666664	42.541666666666664	55.25
2024-10-08	39.07142857142857	51.142857142857146	43.857142857142854	45.142857142857146	44.785714285714285	49.214285714285715	57.92857142857143	47.642857142857146	35.142857142857146	47.714285714285715	41.785714285714285	55.84615384615385	49.61538461538461	51.42857142857143	54.142857142857146	53.857142857142854	41.642857142857146
