unit_name	epi_week	percentage	moving_average	moving_stds	moving_zscore	status
UPA Vila Assis	2023-07-15	44.87577639751553	46.602129547471165	5.395306624798892	-0.3118084920580359	green
UPA Vila Assis	2023-07-22	40.601190476190474	44.03944753055778	6.0191824706964905	-0.5712581132608543	green
UPA Vila Assis	2023-07-29	43.69047619047619	42.75041531486737	5.43498598510032	0.1864256590659175	orange
UPA Vila Assis	2023-08-05	52.625	44.680994033627876	6.156040365585178	1.3052514790930139	red
UPA Vila Assis	2023-08-12	48.345238095238095	46.127002120862365	6.383388205031381	0.35783378871663424	orange
UPA Vila Assis	2023-08-26	50.11309523809524	46.58937561774211	6.63538748653856	0.5264872305647443	red
UPA Vila Assis	2023-09-02	49.232142857142854	46.82442324755989	6.722271040665624	0.3537763904269608	orange
UPA Vila Assis	2023-09-09	47.464285714285715	48.07327097505669	6.349810728914862	-0.11600856520232894	orange
UPA Vila Assis	2023-09-16	49.702380952380956	49.20521541950114	5.734763488433459	0.09209327192194901	orange
UPA Vila Assis	2023-09-23	46.05952380952381	48.585175736961446	7.29029757086342	-0.38218290544973893	orange
UPA Vila Assis	2023-09-30	45.714285714285715	48.16865079365079	7.373144734943535	-0.33299951857115656	orange
UPA Vila Assis	2023-10-07	34.101190476190474	46.507653061224495	7.817042330773808	-1.579113679866861	green
UPA Vila Assis	2023-10-14	29.714285714285715	43.66723356009071	9.372088322567839	-1.4910949073316837	green
UPA Vila Assis	2023-10-21	34.595238095238095	40.753117913832206	9.673355408039228	-0.6359076305195156	green
UPA Vila Assis	2023-10-28	36.95833333333333	38.720238095238095	9.109018924806298	-0.1831311458281746	green
UPA Vila Assis	2023-11-04	42.017857142857146	37.69458616780046	7.339173723827307	0.6027885968614152	orange
UPA Vila Assis	2023-11-11	46.91666666666667	37.20762471655329	6.714685491564929	1.448733038781331	red
UPA Vila Assis	2023-11-18	39.66818249038746	37.69791358572415	7.019874825562811	0.2817374962388591	orange
UPA Vila Assis	2023-12-16	44.55357142857143	39.85541136744553	6.84323672254867	0.659922024252375	red
UPA Vila Assis	2023-12-23	46.24404761904761	41.78851794340925	6.389901115245599	0.6746988478811886	red
UPA Vila Assis	2024-01-06	55.035714285714285	44.88744084590358	8.581024441237334	1.173493411907248	red
UPA Vila Assis	2024-01-13	46.785714285714285	46.44072882776299	8.332910131892808	0.03387548681364568	orange
UPA Vila Assis	2024-01-20	50.69642857142857	46.68491817016662	8.280455915995102	0.4800964985984834	red
UPA Vila Assis	2024-01-27	50.01190476190476	48.19392068421571	7.851317966247791	0.23178758858322	red
UPA Vila Assis	2024-02-03	45.13690476190476	48.96641156462585	7.679802980865987	-0.48996300365375184	orange
UPA Vila Assis	2024-02-10	43.625	48.89016439909297	7.66496897255538	-0.679482121499394	green
UPA Vila Assis	2024-02-17	42.90269151138716	46.602546090900134	6.759129699418598	-0.5813149191358146	green
UPA Vila Assis	2024-02-24	45.666031432335785	46.35204753838294	7.160216358625864	-0.09678331100235586	orange
UPA Vila Assis	2024-03-02	52.34239130434782	46.739147800095004	7.38958226264169	0.7607376305512583	red
UPA Vila Assis	2024-03-09	51.740165631469985	46.61255803375369	7.847104553266105	0.6278517199163707	red
UPA Vila Assis	2024-03-16	58.262610577827964	47.86192391976554	8.828161069317604	1.1690938916671267	red
UPA Vila Assis	2024-03-23	61.148809523809526	50.86220736647755	9.843819000154188	1.039411356152667	red
UPA Vila Assis	2024-03-30	52.70183982683983	53.67327444811917	8.688480262988536	-0.1321467071672109	red
UPA Vila Assis	2024-04-06	53.38095238095239	54.4159653321144	8.2094207388664	-0.14077213556707116	red
UPA Vila Assis	2024-04-13	51.648809523809526	54.753354866320706	7.991465339616525	-0.3926809249070849	red
UPA Vila Assis	2024-04-20	47.589285714285715	55.151911752843425	7.912665346493133	-0.873449847242809	orange
UPA Vila Assis	2024-04-27	50.160714285714285	53.431032261389404	9.228036545852271	-0.3513608279620353	red
UPA Vila Assis	2024-05-04	48.83333333333333	51.49381570810142	8.399092583377938	-0.3135367894679599	orange
UPA Vila Assis	2024-05-11	51.49404761904761	50.479012059369204	7.959723182482031	0.12382264630347774	red
UPA Vila Assis	2024-05-18	45.11904761904763	49.65532879818594	7.890669152710196	-0.5694562097961363	orange
UPA Vila Assis	2024-05-25	45.11309523809524	48.65263605442176	7.838996240167267	-0.45222295635613463	orange
UPA Vila Assis	2024-06-01	33.8222049689441	46.26902790101548	8.071071356016116	-1.5326529966424702	green
UPA Vila Assis	2024-06-08	34.333333333333336	44.39298654244306	8.412921204969098	-1.1839639731407552	green
UPA Vila Assis	2024-06-15	36.517857142857146	41.8263765651188	8.671005226079354	-0.6076659213470241	green
UPA Vila Assis	2024-06-22	45.422619047619044	40.42926772158138	7.448509479369741	0.6598536372981307	red
UPA Vila Assis	2024-06-29	38.69642857142857	39.69868382135463	6.877916848646113	-0.14556275661404114	green
UPA Vila Assis	2024-07-06	38.642857142857146	38.138167948338754	6.430186014771556	0.09003248331222448	orange
UPA Vila Assis	2024-07-13	32.83874458874459	37.73774961236141	6.433790284703135	-0.7478590509252613	green
UPA Vila Assis	2024-07-20	33.07088744588744	37.534181096681095	6.4299410784758075	-0.6889744384283413	green
UPA Vila Assis	2024-07-27	28.916666666666668	36.983379715522574	6.732094300584313	-1.1896682841922903	green
UPA Vila Assis	2024-08-03	24.607142857142858	34.05948515769944	7.216937621960168	-1.3014083115403208	green
UPA Vila Assis	2024-08-10	34.04684265010352	32.16412628951449	6.356818356974439	0.29832247729129807	orange
UPA Vila Assis	2024-08-17	41.63690476190476	32.286254851084045	6.731307515743403	1.3793560342022635	red
UPA Vila Assis	2024-08-24	48.90425170068027	34.352881761588506	9.061255521906935	1.6592776437132295	red
UPA Vila Assis	2024-08-31	43.8531746031746	36.19241766974686	10.050325040118622	0.761811791402288	red
UPA Vila Assis	2024-09-07	45.76371635610766	38.63709495875645	10.522839697029495	0.6707076546041358	red
UPA Vila Assis	2024-09-14	49.08333333333333	42.36393859476158	9.084143364609833	0.7104837815856676	red
UPA Vila Assis	2024-09-21	41.202380952380956	44.43801061487397	7.469585743432911	-0.4534441227349634	green
UPA Vila Assis	2024-09-28	37.220238095238095	45.14340472904138	6.785635354705824	-1.0881721951972108	green
UPA Vila Assis	2024-10-05	34.9684265010352	42.94723706943095	7.650902247258501	-1.037688793157161	green
UPA Vila Assis	2024-10-12	39.8015873015873	41.884385235575714	7.888323329722577	-0.2636580403648069	green
UPA PEDREIRA - Dr. César Antunes da Rocha	2023-07-15	44.88095238095239	45.419997165532884	7.1910024258721945	-0.07892593167722546	green
UPA PEDREIRA - Dr. César Antunes da Rocha	2023-07-22	28.809523809523814	39.17354538649182	11.287539174441886	-0.9059752116532181	green
UPA PEDREIRA - Dr. César Antunes da Rocha	2023-07-29	36.023809523809526	36.16152775437661	10.729996918432613	0.00393952436560024	orange
UPA PEDREIRA - Dr. César Antunes da Rocha	2023-08-05	44.04166666666667	36.928102486664855	10.016368704349654	0.7034611911531288	red
UPA PEDREIRA - Dr. César Antunes da Rocha	2023-08-12	59.457142857142856	40.72122930363368	12.318617153371305	1.4960512453685006	red
UPA PEDREIRA - Dr. César Antunes da Rocha	2023-08-26	62.017857142857146	44.78567719710474	14.677654890725647	1.1724024976961906	red
UPA PEDREIRA - Dr. César Antunes da Rocha	2023-09-02	59.672619047619044	46.93886054421768	15.707509518485137	0.8012716791861713	red
UPA PEDREIRA - Dr. César Antunes da Rocha	2023-09-09	54.88095238095239	50.853684807256236	14.803669281270137	0.2674226669184622	red
UPA PEDREIRA - Dr. César Antunes da Rocha	2023-09-16	59.92857142857143	55.00589569160997	12.076979692376264	0.4079463922876979	red
UPA PEDREIRA - Dr. César Antunes da Rocha	2023-09-23	55.773809523809526	57.627210884353744	11.652882714758316	-0.14071011764446087	red
UPA PEDREIRA - Dr. César Antunes da Rocha	2023-09-30	50.84523809523809	58.32097505668934	11.705560844764637	-0.6266926302698482	red
UPA PEDREIRA - Dr. César Antunes da Rocha	2023-10-07	30.7202380952381	54.04520975056689	14.00221768320724	-1.6640682890159406	green
UPA PEDREIRA - Dr. César Antunes da Rocha	2023-10-14	26.684523809523807	49.043934240362816	16.102929444951695	-1.391325464601305	green
UPA PEDREIRA - Dr. César Antunes da Rocha	2023-10-21	33.732142857142854	44.140589569161	16.941539057866187	-0.6112917406193267	green
UPA PEDREIRA - Dr. César Antunes da Rocha	2023-10-28	34.261904761904766	40.49574829931972	15.957124319269399	-0.3778449621834427	green
UPA PEDREIRA - Dr. César Antunes da Rocha	2023-11-04	44.017857142857146	37.92361111111111	13.130939657528216	0.5029606681573244	orange
UPA PEDREIRA - Dr. César Antunes da Rocha	2023-11-11	43.68452380952381	35.659297052154194	9.400741879618838	0.8822652661155298	red
UPA PEDREIRA - Dr. César Antunes da Rocha	2023-11-18	53.46785714285714	37.31488095238095	9.663073237631933	1.6246978389971658	red
UPA PEDREIRA - Dr. César Antunes da Rocha	2023-12-16	37.92857142857143	40.44305555555555	10.401845030202878	-0.25070823715686724	green
UPA PEDREIRA - Dr. César Antunes da Rocha	2023-12-23	32.57142857142857	41.559977324263045	9.4609614260417	-0.9201485368874832	green
UPA PEDREIRA - Dr. César Antunes da Rocha	2024-01-06	48.24404761904761	42.602069160997736	10.19377273912275	0.5512726483434697	orange
UPA PEDREIRA - Dr. César Antunes da Rocha	2024-01-13	41.476190476190474	43.45042517006802	9.93754333729659	-0.19904079709755823	green
UPA PEDREIRA - Dr. César Antunes da Rocha	2024-01-20	47.26190476190476	43.13509070294784	10.02151674259672	0.410069495516194	orange
UPA PEDREIRA - Dr. César Antunes da Rocha	2024-01-27	48.75	43.30107709750566	10.133466253835755	0.5345637541085725	orange
UPA PEDREIRA - Dr. César Antunes da Rocha	2024-02-03	44.55357142857143	43.382086167800445	9.74126130991027	0.11159817553507596	orange
UPA PEDREIRA - Dr. César Antunes da Rocha	2024-02-10	45.56547619047619	44.79166666666667	9.532278376042573	0.08169617495546065	orange
UPA PEDREIRA - Dr. César Antunes da Rocha	2024-02-17	43.523809523809526	45.004676870748305	8.898613513773784	-0.17468226810306264	green
UPA PEDREIRA - Dr. César Antunes da Rocha	2024-02-24	45.61904761904761	45.41028911564626	9.07984504335842	0.012098062098609688	orange
UPA PEDREIRA - Dr. César Antunes da Rocha	2024-03-02	50.160714285714285	46.29195011337868	9.614407312016638	0.3950312618671289	red
UPA PEDREIRA - Dr. César Antunes da Rocha	2024-03-09	50.827380952380956	46.58900226757369	9.972762627002524	0.41974072931643847	red
UPA PEDREIRA - Dr. César Antunes da Rocha	2024-03-16	45.49404761904761	46.435515873015866	9.831417961233154	-0.08777083332003051	orange
UPA PEDREIRA - Dr. César Antunes da Rocha	2024-03-23	51.220238095238095	47.55413832199547	9.56523680218463	0.39351616227304664	red
UPA PEDREIRA - Dr. César Antunes da Rocha	2024-03-30	44.61309523809524	48.545634920634924	9.521748913730509	-0.40672266156612863	green
UPA PEDREIRA - Dr. César Antunes da Rocha	2024-04-06	42.98809523809524	47.76133786848072	9.727576150153173	-0.49073522375376344	green
UPA PEDREIRA - Dr. César Antunes da Rocha	2024-04-13	43.9345238095238	47.035572562358276	9.159554452817323	-0.34255973550557656	green
UPA PEDREIRA - Dr. César Antunes da Rocha	2024-04-20	40.45833333333333	45.68551587301588	8.683367674706815	-0.5937049487090917	green
UPA PEDREIRA - Dr. César Antunes da Rocha	2024-04-27	45.095238095238095	44.913548752834465	8.768121726157846	0.019177954318898453	orange
UPA PEDREIRA - Dr. César Antunes da Rocha	2024-05-04	43.142857142857146	43.79520975056689	8.387455888368814	-0.0650735350374579	green
UPA PEDREIRA - Dr. César Antunes da Rocha	2024-05-11	46.154761904761905	43.36068594104308	7.341333721487074	0.3742389924904742	orange
UPA PEDREIRA - Dr. César Antunes da Rocha	2024-05-18	44.68452380952381	43.875	7.409229736582146	0.10991151127683906	orange
UPA PEDREIRA - Dr. César Antunes da Rocha	2024-05-25	44.32142857142857	43.86111111111111	7.417231087440691	0.06693106557157556	orange
UPA PEDREIRA - Dr. César Antunes da Rocha	2024-06-01	35.765151515151516	43.488958462172754	7.960612803961559	-0.9652934980768165	green
UPA PEDREIRA - Dr. César Antunes da Rocha	2024-06-08	36.89823656735422	42.50197048516376	8.411864099927111	-0.6529411032533466	green
UPA PEDREIRA - Dr. César Antunes da Rocha	2024-06-15	40.04166666666667	41.53247511125663	8.576695360022923	-0.1751521185699256	green
UPA PEDREIRA - Dr. César Antunes da Rocha	2024-06-22	41.758799171842654	40.828732382280975	8.299206900078811	0.11119230397777158	orange
UPA PEDREIRA - Dr. César Antunes da Rocha	2024-06-29	38.148809523809526	39.86302327255013	7.820500288346485	-0.21316375544696364	green
UPA PEDREIRA - Dr. César Antunes da Rocha	2024-07-06	38.66666666666667	38.71067066484038	7.710115015922667	0.01027884887135068	orange
UPA PEDREIRA - Dr. César Antunes da Rocha	2024-07-13	34.44642857142857	37.9884355586767	7.764355920161662	-0.4693364657795126	green
UPA PEDREIRA - Dr. César Antunes da Rocha	2024-07-20	30.970238095238095	37.72811627944986	7.792202446329577	-0.8656923388104953	green
UPA PEDREIRA - Dr. César Antunes da Rocha	2024-07-27	38.82142857142857	37.059006211180126	7.744669734685624	0.23204749904896588	orange
UPA PEDREIRA - Dr. César Antunes da Rocha	2024-08-03	34.886904761904766	36.37371832791087	7.544117944758967	-0.19081570048810162	green
UPA PEDREIRA - Dr. César Antunes da Rocha	2024-08-10	38.6620082815735	36.14368899733807	7.645803188531119	0.3293103987588943	orange
UPA PEDREIRA - Dr. César Antunes da Rocha	2024-08-17	44.76190476190476	36.851264418811006	8.148746729089039	0.955540951749207	red
UPA PEDREIRA - Dr. César Antunes da Rocha	2024-08-24	46.31830424477483	38.72415524180686	8.96760376727307	0.8462507464538013	red
UPA PEDREIRA - Dr. César Antunes da Rocha	2024-08-31	38.04273182957393	39.38567775904588	10.269143823102544	-0.13326564306252184	green
UPA PEDREIRA - Dr. César Antunes da Rocha	2024-09-07	42.38906926406927	40.87272085379574	10.067551042570972	0.14914375369319272	orange
UPA PEDREIRA - Dr. César Antunes da Rocha	2024-09-14	40.26190476190476	41.62750079607569	10.035563158838102	-0.13658150196839836	green
UPA PEDREIRA - Dr. César Antunes da Rocha	2024-09-21	36.72722567287785	41.37931855216363	10.102676464869253	-0.4602615665557393	green
UPA PEDREIRA - Dr. César Antunes da Rocha	2024-09-28	36.63095238095239	40.94761072410487	10.101950826995528	-0.4219517069472928	green
UPA PEDREIRA - Dr. César Antunes da Rocha	2024-10-05	38.86801242236025	39.15600748860777	9.99253425112501	-0.020694658497835146	green
UPA PEDREIRA - Dr. César Antunes da Rocha	2024-10-12	39.7281746031746	39.4455282325583	8.376134855149617	0.02711044211147799	orange
Unidade de Pronto Atendimento - UPA Zaíra	2023-07-15	39.07142857142857	38.413279478458044	7.059454982172821	0.05340307634540351	orange
Unidade de Pronto Atendimento - UPA Zaíra	2023-07-22	34.57142857142857	37.18381831462188	5.250891558234652	-0.47460519521687916	green
Unidade de Pronto Atendimento - UPA Zaíra	2023-07-29	37.05357142857143	36.722375956961734	4.620794964248022	0.0780936703122723	orange
Unidade de Pronto Atendimento - UPA Zaíra	2023-08-05	44.214285714285715	37.47699859448695	4.99905280353939	1.2391820667877715	red
Unidade de Pronto Atendimento - UPA Zaíra	2023-08-12	44.68452380952381	39.48875488344207	6.50996951369613	0.7865824537154952	red
Unidade de Pronto Atendimento - UPA Zaíra	2023-08-26	51.279761904761905	41.028800358798755	7.353648075930769	1.3898428645963146	red
Unidade de Pronto Atendimento - UPA Zaíra	2023-09-02	47.845238095238095	42.369897959183675	7.923471158708426	0.6794683388773244	red
Unidade de Pronto Atendimento - UPA Zaíra	2023-09-09	50.88095238095237	44.8062641723356	7.987041102932557	0.7572321811160388	red
Unidade de Pronto Atendimento - UPA Zaíra	2023-09-16	53.71092132505176	47.658594597259196	7.8541818050328915	0.7632637510552616	red
Unidade de Pronto Atendimento - UPA Zaíra	2023-09-23	48.346790890269155	48.86817879325643	8.911152651902391	-0.09670290161370085	orange
Unidade de Pronto Atendimento - UPA Zaíra	2023-09-30	47.148809523809526	49.84153480232673	9.345053039024277	-0.2849107329411528	orange
Unidade de Pronto Atendimento - UPA Zaíra	2023-10-07	32.55952380952381	48.196126639061426	10.400510927629231	-1.5001257561561765	green
Unidade de Pronto Atendimento - UPA Zaíra	2023-10-14	25.690476190476193	44.97815611751947	12.493960184429309	-1.5465456584250064	green
Unidade de Pronto Atendimento - UPA Zaíra	2023-10-21	29.678571428571427	41.10414818101153	13.635567236731012	-0.8377444868056816	green
Unidade de Pronto Atendimento - UPA Zaíra	2023-10-28	32.918219461697724	37.538604209799864	12.528518229019195	-0.3666527590867917	green
Unidade de Pronto Atendimento - UPA Zaíra	2023-11-04	36.648809523809526	35.51910800552105	10.588840282870265	0.11364418026473602	orange
Unidade de Pronto Atendimento - UPA Zaíra	2023-11-11	38.232142857142854	33.10981095336685	7.001639594004686	0.7435983049210082	red
Unidade de Pronto Atendimento - UPA Zaíra	2023-11-18	38.56802721088435	32.942050992239544	6.817948449465118	0.7991847253836725	red
Unidade de Pronto Atendimento - UPA Zaíra	2023-12-16	39.36904761904763	34.712276939761416	7.018569581322637	0.6646473207516196	red
Unidade de Pronto Atendimento - UPA Zaíra	2023-12-23	48.857142857142854	37.52194247264123	7.220634943342981	1.532170710399693	red
Unidade de Pronto Atendimento - UPA Zaíra	2024-01-06	45.261904761904766	40.50698141575471	8.455360083631438	0.565634872236276	orange
Unidade de Pronto Atendimento - UPA Zaíra	2024-01-13	38.095238095238095	41.331916099773245	7.707735365989002	-0.42110377729871074	green
Unidade de Pronto Atendimento - UPA Zaíra	2024-01-20	39.714285714285715	41.41680839002267	7.576513481427335	-0.22376910304050776	green
Unidade de Pronto Atendimento - UPA Zaíra	2024-01-27	38.607142857142854	41.75931324910916	7.103017398183622	-0.4418698194446925	green
Unidade de Pronto Atendimento - UPA Zaíra	2024-02-03	40.25595238095239	41.87627551020408	6.875465150971082	-0.23497852213781417	green
Unidade de Pronto Atendimento - UPA Zaíra	2024-02-10	38.91614906832298	41.1188073055309	6.48949397455354	-0.33911107591303047	green
Unidade de Pronto Atendimento - UPA Zaíra	2024-02-17	37.305900621118006	38.95069875776397	4.8917025893834	-0.3130075401480549	green
Unidade de Pronto Atendimento - UPA Zaíra	2024-02-24	40.077380952380956	39.012773587695946	4.903702340807384	0.21223631701110507	orange
Unidade de Pronto Atendimento - UPA Zaíra	2024-03-02	39.40864389233955	38.95701468993394	5.434580393525652	0.024638015917418512	orange
Unidade de Pronto Atendimento - UPA Zaíra	2024-03-09	48.24404761904761	39.879350290840975	6.193631220789512	1.3115833710733167	red
Unidade de Pronto Atendimento - UPA Zaíra	2024-03-16	52.30124223602485	41.851122695455	8.03025019807933	1.291704830097778	red
Unidade de Pronto Atendimento - UPA Zaíra	2024-03-23	50.5	43.96423641920536	8.963809968223382	0.7315483862731319	red
Unidade de Pronto Atendimento - UPA Zaíra	2024-03-30	48.797619047619044	46.007486690328314	8.649052304038234	0.32180865599409947	orange
Unidade de Pronto Atendimento - UPA Zaíra	2024-04-06	51.61309523809524	47.65856378783398	8.547469427844664	0.4567976154086167	red
Unidade de Pronto Atendimento - UPA Zaíra	2024-04-13	46.63095238095239	49.43016735679779	7.151744699829071	-0.38552224954978714	orange
Unidade de Pronto Atendimento - UPA Zaíra	2024-04-20	48.5	49.98373878536922	6.948708676902539	-0.19161488697391357	orange
Unidade de Pronto Atendimento - UPA Zaíra	2024-04-27	48.422619047619044	49.28464211771666	7.2952120786404056	-0.1129420096552406	orange
Unidade de Pronto Atendimento - UPA Zaíra	2024-05-04	43.970238095238095	48.46357709750567	7.148839181657643	-0.6144550311666779	green
Unidade de Pronto Atendimento - UPA Zaíra	2024-05-11	45.75595238095239	47.53174603174603	7.006658643437779	-0.2488568010015786	orange
Unidade de Pronto Atendimento - UPA Zaíra	2024-05-18	43.845238095238095	46.74603174603175	6.696472085849529	-0.42660854405341136	green
Unidade de Pronto Atendimento - UPA Zaíra	2024-05-25	39.089285714285715	45.58163265306122	6.805411178081976	-0.9440796979557963	green
Unidade de Pronto Atendimento - UPA Zaíra	2024-06-01	31.300983436853006	43.26093118406783	7.602517382617699	-1.5661537359035658	green
Unidade de Pronto Atendimento - UPA Zaíra	2024-06-08	34.17261904761905	40.79109361135759	7.460506732148149	-0.8789864836033207	green
Unidade de Pronto Atendimento - UPA Zaíra	2024-06-15	35.904761904761905	38.60742014196983	7.158843336042379	-0.36994497974448587	green
Unidade de Pronto Atendimento - UPA Zaíra	2024-06-22	36.05357142857143	37.434375924282755	7.021476430941716	-0.1833548829936928	green
Unidade de Pronto Atendimento - UPA Zaíra	2024-06-29	38.15476190476191	36.13789066351178	6.258234060926605	0.33186964692667165	orange
Unidade de Pronto Atendimento - UPA Zaíra	2024-07-06	39.54166666666667	35.486388395938086	6.1426104383089	0.649738349367458	orange
Unidade de Pronto Atendimento - UPA Zaíra	2024-07-13	35.42857142857143	36.1621068717342	6.152402080356465	-0.1158638542787732	green
Unidade de Pronto Atendimento - UPA Zaíra	2024-07-20	29.73430735930736	36.12949649556792	6.2798533172304465	-1.0178335704705277	green
Unidade de Pronto Atendimento - UPA Zaíra	2024-07-27	32.779761904761905	35.648886827458256	6.268290795367006	-0.45625174594997187	green
Unidade de Pronto Atendimento - UPA Zaíra	2024-08-03	27.434006211180126	34.437398608982456	6.391258586032002	-1.0982807489738093	green
Unidade de Pronto Atendimento - UPA Zaíra	2024-08-10	33.279761904761905	33.33814296469576	6.378762430831245	-0.0014752134834738592	green
Unidade de Pronto Atendimento - UPA Zaíra	2024-08-17	47.74404761904761	33.79704319145313	6.998660872626671	1.9522470437745318	red
Unidade de Pronto Atendimento - UPA Zaíra	2024-08-24	48.82568027210885	35.84524937868993	9.767568433274146	1.3350201884809352	red
Unidade de Pronto Atendimento - UPA Zaíra	2024-08-31	44.23430735930736	37.74508225556362	11.366071180587523	0.5554763578349214	orange
Unidade de Pronto Atendimento - UPA Zaíra	2024-09-07	47.910714285714285	40.49049557240551	11.504754781220218	0.6442523440504148	orange
Unidade de Pronto Atendimento - UPA Zaíra	2024-09-14	43.476190476190474	43.364965650291744	10.393371139412812	-0.017480708817866675	green
Unidade de Pronto Atendimento - UPA Zaíra	2024-09-21	38.476190476190474	44.621392496392495	9.177238630773656	-0.6635803005380121	green
Unidade de Pronto Atendimento - UPA Zaíra	2024-09-28	33.68659420289855	44.05034596183664	9.445636261274688	-1.092086197681712	green
Unidade de Pronto Atendimento - UPA Zaíra	2024-10-05	38.529761904761905	41.555107338436976	9.134297641809933	-0.3128808843544007	green
Unidade de Pronto Atendimento - UPA Zaíra	2024-10-12	37.71626984126984	41.0942689987721	7.662077603464252	-0.4202514831783966	green
AMA 24h Capão Redondo	2023-07-15	48.107142857142854	49.14030612244898	7.04639987708138	-0.2692018455373693	orange
AMA 24h Capão Redondo	2023-07-22	37.98809523809524	44.28872774051346	8.115840614768782	-0.7586511532394841	green
AMA 24h Capão Redondo	2023-07-29	43.80357142857143	42.90734498477754	7.288429706657594	0.13700308908639677	orange
AMA 24h Capão Redondo	2023-08-05	51.285714285714285	44.080868617235076	7.564977219416432	0.9264968129104563	red
AMA 24h Capão Redondo	2023-08-12	56.68452380952381	46.65063441259472	8.687777645632696	1.1501390759659105	red
AMA 24h Capão Redondo	2023-08-26	68.49171842650104	49.63431362053897	11.016016081153923	1.7059388063964822	red
AMA 24h Capão Redondo	2023-09-02	66.68452380952381	52.37985556541457	13.13223437584781	1.066022648679852	red
AMA 24h Capão Redondo	2023-09-09	65.58928571428571	56.9192546583851	13.274942832101102	0.6432826399281143	red
AMA 24h Capão Redondo	2023-09-16	66.79166666666667	60.97055851326038	12.135704112126476	0.4706731888901846	red
AMA 24h Capão Redondo	2023-09-23	61.58333333333333	63.097117470176485	12.98145332193543	-0.12907491738618745	red
AMA 24h Capão Redondo	2023-09-30	58.4404761904762	64.81253697131027	13.405377330493337	-0.46518770731308345	red
AMA 24h Capão Redondo	2023-10-07	37.36309523809524	61.713866706102735	15.537625778590186	-1.568794383842264	green
AMA 24h Capão Redondo	2023-10-14	31.892857142857142	56.41695011337868	17.88721379625507	-1.372884087020845	green
AMA 24h Capão Redondo	2023-10-21	32.017857142857146	50.43225623582766	18.7390929883891	-0.9814156675661854	green
AMA 24h Capão Redondo	2023-10-28	33.19642857142857	44.88973922902494	17.893533953582047	-0.6490809256003176	green
AMA 24h Capão Redondo	2023-11-04	35.20833333333333	40.664965986394556	14.711986085320726	-0.373335532462165	green
AMA 24h Capão Redondo	2023-11-11	37.50595238095239	35.63633786848073	7.741915365540062	0.36355680768366766	orange
AMA 24h Capão Redondo	2023-11-18	46.089285714285715	35.12896825396825	6.389515706467345	1.6676497127306202	red
AMA 24h Capão Redondo	2023-12-16	45.67857142857143	37.16595804988662	7.818106586910053	1.0823682969970163	red
AMA 24h Capão Redondo	2023-12-23	50.56547619047619	39.77310090702947	8.315560326843535	1.282158023781195	red
AMA 24h Capão Redondo	2024-01-06	52.726190476190474	43.67488662131519	9.917762898237326	0.9111138388247164	red
AMA 24h Capão Redondo	2024-01-13	43.875	45.417658730158735	9.06402765124941	-0.17729247786925253	green
AMA 24h Capão Redondo	2024-01-20	46.67857142857143	46.82397959183674	8.117245002355954	-0.009934511868012965	orange
AMA 24h Capão Redondo	2024-01-27	47.36309523809524	47.83616780045351	7.407185120290256	-0.0593340596209187	orange
AMA 24h Capão Redondo	2024-02-03	45.11904761904761	47.89044784580499	7.03800120109011	-0.392452989105025	orange
AMA 24h Capão Redondo	2024-02-10	53.94047619047619	48.21258503401361	7.428852664700274	0.7620734381623272	red
AMA 24h Capão Redondo	2024-02-17	45.745670995671	46.96976138940425	6.00858928473688	-0.22006451901780213	orange
AMA 24h Capão Redondo	2024-02-24	57.25	48.22631931560503	6.799222899498865	1.2926417837890563	red
AMA 24h Capão Redondo	2024-03-02	53.49404761904761	50.46228870336013	7.514096826758185	0.4135386359509828	red
AMA 24h Capão Redondo	2024-03-09	55.922619047619044	51.29037827252113	7.988218629374759	0.5731086660845222	red
AMA 24h Capão Redondo	2024-03-16	56.5	52.88193156050299	8.03261326363484	0.4433456298399819	red
AMA 24h Capão Redondo	2024-03-23	59.99404761904763	54.51217532467533	8.140307888112021	0.6788302900775098	red
AMA 24h Capão Redondo	2024-03-30	50.79166666666667	55.728638425067	7.87906596529687	-0.6371802342269829	red
AMA 24h Capão Redondo	2024-04-06	54.589285714285715	55.621173469387756	7.6704250936139475	-0.13401783919451452	red
AMA 24h Capão Redondo	2024-04-13	50.642857142857146	54.620181405895686	7.702299972088733	-0.5111473627093657	red
AMA 24h Capão Redondo	2024-04-20	52.69642857142857	54.607142857142854	7.24215472327179	-0.2538531678899765	red
AMA 24h Capão Redondo	2024-04-27	55.55952380952381	54.21754535147392	7.360367477769613	0.17800807697897755	red
AMA 24h Capão Redondo	2024-05-04	49.095238095238095	52.980583900226755	6.980801375801251	-0.5561121406754743	orange
AMA 24h Capão Redondo	2024-05-11	49.63095238095239	51.928287981859405	6.64874883814809	-0.34562715770523933	orange
AMA 24h Capão Redondo	2024-05-18	47.51190476190476	51.25425170068028	6.414171276748412	-0.5776427691610629	orange
AMA 24h Capão Redondo	2024-05-25	47.24404761904763	50.574688208616784	6.266752570947166	-0.5234839040758008	orange
AMA 24h Capão Redondo	2024-06-01	41.84937888198758	49.241977225672876	6.7403661202455964	-1.086447666224909	green
AMA 24h Capão Redondo	2024-06-08	43.351190476190474	47.39794069801834	6.464406448469445	-0.6087374955086587	green
AMA 24h Capão Redondo	2024-06-15	45.910714285714285	46.113643645864144	5.96964947810981	-0.03313919406078026	orange
AMA 24h Capão Redondo	2024-06-22	43.482142857142854	45.251257024548956	5.385273079777037	-0.3096841412520159	green
AMA 24h Capão Redondo	2024-06-29	42.61904761904761	44.48609262545598	5.528605050216996	-0.33369574508780026	green
AMA 24h Capão Redondo	2024-07-06	41.916666666666664	43.443292171941245	5.889975649105495	-0.24056330251604782	green
AMA 24h Capão Redondo	2024-07-13	38.535714285714285	42.707550773932766	6.054987865002445	-0.6692607252430525	green
AMA 24h Capão Redondo	2024-07-20	36.31547619047619	41.776643990929706	6.622349024657642	-0.8207583994909528	green
AMA 24h Capão Redondo	2024-07-27	39.88095238095239	40.7765022675737	6.391456037166065	-0.13424792031695956	green
AMA 24h Capão Redondo	2024-08-03	38.470238095238095	39.92431972789115	6.436496515832872	-0.22409012305291132	green
AMA 24h Capão Redondo	2024-08-10	46.595238095238095	39.90802154195011	6.651861853844262	0.995974395570924	red
AMA 24h Capão Redondo	2024-08-17	54.761904761904766	41.38562925170068	7.814708554694432	1.6577838414516106	red
AMA 24h Capão Redondo	2024-08-24	57.624474789915965	44.525839502467655	10.68857252122874	1.224419311144833	red
AMA 24h Capão Redondo	2024-08-31	44.69100636205899	46.28974533470608	12.348655540067847	-0.13725567362160987	green
AMA 24h Capão Redondo	2024-09-07	45.80357142857143	47.668226450499226	12.285570524827827	-0.15298768627084045	orange
AMA 24h Capão Redondo	2024-09-14	48.160714285714285	49.13548835526113	11.623006398665032	-0.08710114555702408	orange
AMA 24h Capão Redondo	2024-09-21	42.32142857142857	49.24915048678041	11.406376685717884	-0.6073312884935594	green
AMA 24h Capão Redondo	2024-09-28	43.375	48.18069810582803	11.425017488750195	-0.4270051236115294	green
AMA 24h Capão Redondo	2024-10-05	46.910714285714285	45.64862277569597	10.340121459146348	0.15044431708487435	orange
AMA 24h Capão Redondo	2024-10-12	47.242063492063494	45.8356452792543	7.499414936696017	0.18692132234670444	orange
UPA Rudge Ramos	2023-07-15	43.95833333333333	45.95079365079365	10.789003964494377	-0.32820440546573154	green
UPA Rudge Ramos	2023-07-22	36.226190476190474	41.344371997050565	9.171405280058357	-0.553390025074583	green
UPA Rudge Ramos	2023-07-29	39.095238095238095	39.77985940721318	8.24975048802754	-0.07646874644855006	green
UPA Rudge Ramos	2023-08-05	40.00595238095239	39.75418570186427	7.654623752480283	0.032104496181989975	orange
UPA Rudge Ramos	2023-08-12	45.672619047619044	40.727866010678966	7.772765579076941	0.6247855320526512	orange
UPA Rudge Ramos	2023-08-26	52.267857142857146	42.28443117212201	9.044987801139921	1.090554668797498	red
UPA Rudge Ramos	2023-09-02	42.29166666666667	42.5109126984127	8.964913813888222	-0.019540046840752945	green
UPA Rudge Ramos	2023-09-09	39.595238095238095	42.965986394557824	8.672253303398767	-0.38917052575312566	green
UPA Rudge Ramos	2023-09-16	44.773809523809526	43.872590702947846	8.439294906210826	0.10619417666321773	orange
UPA Rudge Ramos	2023-09-23	39.095238095238095	43.60487528344671	9.892711245781769	-0.47082916749024806	green
UPA Rudge Ramos	2023-09-30	42.535714285714285	43.567176870748305	9.868826633988595	-0.10436921431602109	green
UPA Rudge Ramos	2023-10-07	39.232142857142854	41.9780328798186	8.723735437504924	-0.29195839671057744	green
UPA Rudge Ramos	2023-10-14	35.476190476190474	40.64243197278911	8.302429680390588	-0.6185130473239386	green
UPA Rudge Ramos	2023-10-21	44.06547619047619	40.15419501133787	8.608649058145446	0.44587745949649565	orange
UPA Rudge Ramos	2023-10-28	51.33333333333333	41.56420068027211	9.58270208252816	1.018930404589311	red
UPA Rudge Ramos	2023-11-04	50.25	43.56448412698412	8.585185881638617	0.7815025383682641	red
UPA Rudge Ramos	2023-11-11	54.699016563147	45.12707655525979	9.415055509680068	1.0251286971482891	red
UPA Rudge Ramos	2023-11-18	58.72619047619048	47.72052770383516	9.999773383590865	1.0928436142451363	red
UPA Rudge Ramos	2023-12-16	45.351190476190474	49.97336217095534	9.445246189338691	-0.5003390100145034	orange
UPA Rudge Ramos	2023-12-23	46.50297619047619	51.33922101449275	7.820522129295625	-0.6075535877587194	orange
UPA Rudge Ramos	2024-01-06	54.113095238095234	51.495400152814746	8.878402300316777	0.28821020745934095	red
UPA Rudge Ramos	2024-01-13	45.86309523809524	51.12847838410727	9.410834773044538	-0.5584943191809593	orange
UPA Rudge Ramos	2024-01-20	50.101190476190474	50.12455942521937	9.47774702965627	0.008051322271994168	red
UPA Rudge Ramos	2024-01-27	49.5	49.33638038548752	8.808400287557616	0.017476439196458075	orange
UPA Rudge Ramos	2024-02-03	50.470238095238095	49.04230442176871	8.369555157497752	0.1682116972686451	red
UPA Rudge Ramos	2024-02-10	54.98809523809524	50.1656746031746	8.320877617287616	0.5708281016409523	red
UPA Rudge Ramos	2024-02-17	48.970238095238095	49.6845238095238	7.48636079044208	-0.10173907844893718	orange
UPA Rudge Ramos	2024-02-24	58.69047619047619	51.213010204081634	7.480157526285311	0.9981479379974043	red
UPA Rudge Ramos	2024-03-02	58.035714285714285	53.03642290249433	7.1471249237669685	0.6993861399285883	red
UPA Rudge Ramos	2024-03-09	55.21894409937888	54.14210539288179	7.3861182853510465	0.13898252903927935	red
UPA Rudge Ramos	2024-03-16	55.904761904761905	55.02614487824115	7.273013098011384	0.12035001167478389	red
UPA Rudge Ramos	2024-03-23	56.75	55.76664941338855	7.833580197346054	0.15652840388457503	red
UPA Rudge Ramos	2024-03-30	47.29166666666667	56.005878438331855	7.830814121091811	-1.0954927065331153	orange
UPA Rudge Ramos	2024-04-06	48.93452380952381	54.33722764468106	8.487178494271207	-0.6338763852622326	orange
UPA Rudge Ramos	2024-04-13	51.416666666666664	53.042443064182194	8.448550465253549	-0.1911954486109016	red
UPA Rudge Ramos	2024-04-20	51.18452380952381	52.17131272798974	8.24503072200657	-0.09602772486100249	red
UPA Rudge Ramos	2024-04-27	55.702380952380956	51.83460884353742	8.722610293486898	0.44165407896200676	red
UPA Rudge Ramos	2024-05-04	46.94642857142857	50.755243764172334	8.167367781426584	-0.4674165716180893	orange
UPA Rudge Ramos	2024-05-11	44.077380952380956	49.7562358276644	7.785021041840778	-0.7317667432102849	green
UPA Rudge Ramos	2024-05-18	43.357142857142854	49.17006802721089	7.810290839609036	-0.7441566021775188	green
UPA Rudge Ramos	2024-05-25	43.577380952380956	48.022250566893426	7.987836370727805	-0.5550486248963571	green
UPA Rudge Ramos	2024-06-01	38.803030303030305	46.19895382395383	7.995583299356713	-0.9247173876876653	green
UPA Rudge Ramos	2024-06-08	38.95833333333333	43.758129767058335	6.8765291563930875	-0.6683023331389555	green
UPA Rudge Ramos	2024-06-15	44.851190476190474	42.30234745413317	5.976995220033872	0.44705265211941203	orange
UPA Rudge Ramos	2024-06-22	48.54761904761905	42.634405277262424	6.317863992522179	0.9202289929752635	red
UPA Rudge Ramos	2024-06-29	46.51190476190476	43.384830447330444	6.785211393094762	0.46107188302029956	orange
UPA Rudge Ramos	2024-07-06	41.44047619047619	43.181032261389404	6.9736499634275475	-0.24426539014031892	green
UPA Rudge Ramos	2024-07-13	34.75595238095239	42.659090909090914	7.408674739898048	-1.066056227840638	green
UPA Rudge Ramos	2024-07-20	34.041666666666664	42.14512471655329	7.691989545926037	-1.0474485408443428	green
UPA Rudge Ramos	2024-07-27	38.11904761904761	40.999716553287975	7.836824868495499	-0.36258593408247686	green
UPA Rudge Ramos	2024-08-03	35.67857142857143	39.25340136054422	7.1938651424719335	-0.4711209548206184	green
UPA Rudge Ramos	2024-08-10	44.19642857142857	38.1469671201814	6.638632069538683	0.9094623134395675	red
UPA Rudge Ramos	2024-08-17	51.898809523809526	39.052012471655324	7.9435123885475685	1.5809991444246145	red
UPA Rudge Ramos	2024-08-24	53.451610644257705	41.52554021608643	9.40620805109956	1.2574015695014207	red
UPA Rudge Ramos	2024-08-31	49.23730158730159	44.10134553821529	9.97067539975777	0.5058025568927051	orange
UPA Rudge Ramos	2024-09-07	54.922619047619044	47.06096382997644	9.755585485444367	0.7985593254049802	red
UPA Rudge Ramos	2024-09-14	52.13690476190476	50.0151871859855	8.964639895381024	0.21924440874563822	red
UPA Rudge Ramos	2024-09-21	43.160714285714285	50.968135031790496	8.173078922825667	-0.9508653463656199	green
UPA Rudge Ramos	2024-09-28	41.101190476190474	50.057137299364186	8.368643366658405	-1.0516182356452997	green
UPA Rudge Ramos	2024-10-05	42.982142857142854	48.11337145969499	8.851293867489249	-0.5766183530739328	green
UPA Rudge Ramos	2024-10-12	44.01190476190476	47.2638636936256	8.742404726219585	-0.37497937470064374	green
UPA St. John - Lavras	2023-07-15	53.41666666666667	54.9	7.638913920255273	-0.2550003214381569	red
UPA St. John - Lavras	2023-07-22	43.32142857142857	49.593594566808854	9.110223000843334	-0.6711858401292087	green
UPA St. John - Lavras	2023-07-29	45.904761904761905	47.59858093091037	8.27329482358405	-0.193710753457887	orange
UPA St. John - Lavras	2023-08-05	48.19642857142857	47.38581603519362	7.702294909221632	0.11647687990103994	orange
UPA St. John - Lavras	2023-08-12	52.964285714285715	48.4750271713815	7.777986712386672	0.5847978038019687	red
UPA St. John - Lavras	2023-08-26	59.910714285714285	49.90631578727237	8.765211568803917	1.1328107923385848	red
UPA St. John - Lavras	2023-09-02	60.45833333333333	50.80555555555555	9.33788497254359	1.0218114865368475	red
UPA St. John - Lavras	2023-09-09	57.636904761904766	53.29251700680272	9.482941958434647	0.45361972497605824	red
UPA St. John - Lavras	2023-09-16	60.345238095238095	55.53613945578231	8.987294417164382	0.5271374638978318	red
UPA St. John - Lavras	2023-09-23	57.54166666666667	57.00340136054422	10.98905258811782	0.016208752661708802	red
UPA St. John - Lavras	2023-09-30	62.089285714285715	59.180839002267575	11.284352379255468	0.2523181714247644	red
UPA St. John - Lavras	2023-10-07	47.82142857142857	58.40887188208617	11.471000677959752	-0.9233335699552127	orange
UPA St. John - Lavras	2023-10-14	37.86904761904761	55.98086734693878	12.445421152418177	-1.4476814351177807	green
UPA St. John - Lavras	2023-10-21	40.749482401656316	52.20816696243715	13.88252516142409	-0.8242253594041945	green
UPA St. John - Lavras	2023-10-28	43.49404761904761	49.47100216898354	13.806999232098864	-0.42735551243493325	green
UPA St. John - Lavras	2023-11-04	45.99404761904761	47.798383121364495	11.36225167426234	-0.16364715737346971	orange
UPA St. John - Lavras	2023-11-11	46.44642857142857	44.407793552203486	7.793254157384938	0.34910035402800677	orange
UPA St. John - Lavras	2023-11-18	42.470238095238095	43.067232327713704	6.934753200596567	-0.07823725127869674	green
UPA St. John - Lavras	2023-12-16	47.85973084886128	43.49471310263236	7.080320734683822	0.5995835826471894	orange
UPA St. John - Lavras	2023-12-23	51.45833333333333	45.47840259292122	7.128544750459918	0.8293042119899579	red
UPA St. John - Lavras	2024-01-06	60.845238095238095	48.50850956324559	10.344666990020134	1.2090792169223517	red
UPA St. John - Lavras	2024-01-13	45.23809523809524	49.19600956324559	10.174723833008285	-0.3882625453191653	orange
UPA St. John - Lavras	2024-01-20	48.11309523809524	49.23399142265602	10.2061438478699	-0.1094860621885345	orange
UPA St. John - Lavras	2024-01-27	48.75595238095239	50.07823745440205	9.804566295710162	-0.13360915709721854	orange
UPA St. John - Lavras	2024-02-03	49.25595238095239	50.68930543231785	9.494017988871102	-0.14888433705616524	orange
UPA St. John - Lavras	2024-02-10	69.19047619047619	51.698696145124714	10.785502908783707	1.5305593803736923	red
UPA St. John - Lavras	2024-02-17	67.29761904761905	54.131660997732425	13.170816288795562	1.0181333603684055	red
UPA St. John - Lavras	2024-02-24	58.172619047619044	55.55839002267574	13.346559233095686	0.1932377603502057	red
UPA St. John - Lavras	2024-03-02	56.11904761904763	57.763747165532884	12.634198327717828	-0.13178992328222724	red
UPA St. John - Lavras	2024-03-09	39.28778467908903	57.56903159814651	12.944357717766499	-1.397013707966369	green
UPA St. John - Lavras	2024-03-16	37.49404761904761	55.30689268461008	15.173636903405262	-1.176638089416361	green
UPA St. John - Lavras	2024-03-23	38.66666666666667	52.315537809326635	15.386067882609131	-0.8899914109728985	green
UPA St. John - Lavras	2024-03-30	48.25	47.21477250320418	11.667026526130128	0.10737303474987547	orange
UPA St. John - Lavras	2024-04-06	54.035714285714285	46.11145617667357	10.627739694952067	0.7415716372097555	red
UPA St. John - Lavras	2024-04-13	53.244306418219466	45.104832150251404	9.61641266891282	0.8575034565553789	red
UPA St. John - Lavras	2024-04-20	55.43452380952381	46.547994922606726	10.3077655802839	0.8517415667504693	red
UPA St. John - Lavras	2024-04-27	62.089285714285715	50.28788326924973	10.368153562582043	1.1348130059363473	red
UPA St. John - Lavras	2024-05-04	59.720238095238095	53.9546916592724	9.455852473060826	0.6037879789752544	red
UPA St. John - Lavras	2024-05-11	62.273809523809526	56.98360322389825	8.045059715743172	0.6472981195647213	red
UPA St. John - Lavras	2024-05-18	60.0595238095238	58.455258552696435	7.889065285720936	0.1895261773697079	red
UPA St. John - Lavras	2024-05-25	46.410714285714285	58.601905254855566	7.717161977328869	-1.5455361101197427	orange
UPA St. John - Lavras	2024-06-01	36.028985507246375	55.741034457261165	10.559526659151544	-1.8743865570722869	green
UPA St. John - Lavras	2024-06-08	32.52412280701754	51.616091211465516	12.79425392324183	-1.4916366186310135	green
UPA St. John - Lavras	2024-06-15	40.351190476190474	47.63640240611882	13.401905654091948	-0.5415052034969751	green
UPA St. John - Lavras	2024-06-22	46.142857142857146	44.612309435597275	11.740538619282491	0.13709420553768173	orange
UPA St. John - Lavras	2024-06-29	42.873706004140786	41.89112857194747	8.889609996184605	0.1274318514210231	orange
UPA St. John - Lavras	2024-07-06	45.785714285714285	40.31830125261394	7.2044759306560175	0.7645541629247304	red
UPA St. John - Lavras	2024-07-13	37.26893939393939	40.70695655004253	7.302317354709231	-0.4632872031034974	green
UPA St. John - Lavras	2024-07-20	34.464285714285715	40.96698792199773	7.178852016331385	-0.9024094848968406	green
UPA St. John - Lavras	2024-07-27	39.660714285714285	41.11447718085917	6.9626638468609245	-0.20826382588355702	green
UPA St. John - Lavras	2024-08-03	35.63095238095239	40.04290688607459	6.845655049687145	-0.6476061174100544	green
UPA St. John - Lavras	2024-08-10	43.06547619047619	39.35960929167451	6.941244644246706	0.5285279930150872	orange
UPA St. John - Lavras	2024-08-17	46.74404761904761	39.31721552257267	6.99238027686257	1.0506273773139723	red
UPA St. John - Lavras	2024-08-24	52.17314273535501	40.90972363253602	8.398190879885632	1.324959975389563	red
UPA St. John - Lavras	2024-08-31	51.44315803244375	43.354616822043354	9.620741892072498	0.8194829083228627	red
UPA St. John - Lavras	2024-09-07	49.6845238095238	45.71552858601634	9.717107224975177	0.40411724847187713	orange
UPA St. John - Lavras	2024-09-14	50.029761904761905	47.86773947037009	8.958412410010027	0.23113803512514086	red
UPA St. John - Lavras	2024-09-21	44.035714285714285	48.728992304837206	8.408440689446463	-0.5550601708423971	green
UPA St. John - Lavras	2024-09-28	43.74404761904761	49.031288223204555	8.418542824045451	-0.6177328992975827	green
UPA St. John - Lavras	2024-10-05	45.75595238095239	47.91396564199816	8.611876312708409	-0.24164459209866213	orange
UPA St. John - Lavras	2024-10-12	45.83531746031746	47.558444531658814	7.721123219170316	-0.21206139852571726	orange
UPA VICENTE MISSIANO	2023-07-15	40.81547619047619	40.26203231292517	7.258365244738559	0.11495954222967426	orange
UPA VICENTE MISSIANO	2023-07-22	34.42006802721089	38.35008681086487	6.649446119718074	-0.5743165223782908	green
UPA VICENTE MISSIANO	2023-07-29	38.69047619047619	37.679531765713804	8.687829927632228	0.05964735587299231	orange
UPA VICENTE MISSIANO	2023-08-05	51.4083850931677	39.44944631994469	9.831399998825452	1.1455250400494847	red
UPA VICENTE MISSIANO	2023-08-12	53.55877093920572	42.30021468809379	12.35532010233798	0.8908795738294447	red
UPA VICENTE MISSIANO	2023-08-26	56.601190476190474	45.04005798087187	13.274255185424199	0.8622638583962149	red
UPA VICENTE MISSIANO	2023-09-02	55.232142857142854	47.12037634553162	13.436825232872454	0.6007971592483897	red
UPA VICENTE MISSIANO	2023-09-09	52.445393374741194	49.84235825423713	13.180172037178469	0.20049655723406726	red
UPA VICENTE MISSIANO	2023-09-16	58.392857142857146	53.309546216378514	11.775399410532264	0.4228186287426069	red
UPA VICENTE MISSIANO	2023-09-23	53.964285714285715	54.5830969410162	12.307518042442618	-0.05822634675296059	red
UPA VICENTE MISSIANO	2023-09-30	58.91666666666667	55.72991561578518	11.29977609887231	0.2792991040843506	red
UPA VICENTE MISSIANO	2023-10-07	58.36904761904761	55.608671004633734	11.55334457690756	0.22180223287122883	red
UPA VICENTE MISSIANO	2023-10-14	56.61309523809524	56.756913635019224	11.844624810962022	-0.01497089102748623	red
UPA VICENTE MISSIANO	2023-10-21	39.107142857142854	55.65468796214138	12.62755794137958	-1.2914243205012739	green
UPA VICENTE MISSIANO	2023-10-28	43.75	52.58021541950114	14.1437757198574	-0.618546685506935	green
UPA VICENTE MISSIANO	2023-11-04	35.779761904761905	50.86366213151927	13.92540204086978	-1.0676587751402473	green
UPA VICENTE MISSIANO	2023-11-11	40.047619047619044	47.29081632653061	14.519034969671543	-0.4988026716985366	green
UPA VICENTE MISSIANO	2023-11-18	28.143374741200827	43.02048210588583	14.538498584620841	-1.0099876613336403	green
UPA VICENTE MISSIANO	2023-12-16	48.38095238095239	39.64393547273982	12.75412265763703	0.6908927825538108	red
UPA VICENTE MISSIANO	2023-12-23	45.00190570299266	39.3151697767381	12.469902428016484	0.4476392022250676	orange
UPA VICENTE MISSIANO	2024-01-06	39.35056465273856	40.0284793363986	13.186070067079172	-0.045127475765335	green
UPA VICENTE MISSIANO	2024-01-13	37.910714285714285	38.99505581547508	13.242464708449054	-0.07131479293589345	green
UPA VICENTE MISSIANO	2024-01-20	45.595238095238095	40.40010116694899	13.173962740692433	0.39512717675409864	orange
UPA VICENTE MISSIANO	2024-01-27	53.482142857142854	43.11332087512211	13.222600596073823	0.7728335914574068	red
UPA VICENTE MISSIANO	2024-02-03	52.125	45.40072351733842	13.519954871635251	0.49671922490003434	red
UPA VICENTE MISSIANO	2024-02-10	42.62758799171843	45.80659288089412	13.519659378264027	-0.2346103797442993	green
UPA VICENTE MISSIANO	2024-02-17	35.06547619047619	44.49152595161912	13.258087016037345	-0.7052919678915174	green
UPA VICENTE MISSIANO	2024-02-24	26.261904761904763	43.715709109730845	13.397724572262986	-1.308439402049407	green
UPA VICENTE MISSIANO	2024-03-02	29.351190476190478	40.754683032633345	14.384991748788767	-0.7911088303850784	green
UPA VICENTE MISSIANO	2024-03-09	25.607142857142858	37.40972838410727	14.054870408720772	-0.8371376482838176	green
UPA VICENTE MISSIANO	2024-03-16	36.19642857142857	33.32823745440205	11.409430454522626	0.2810388384473293	orange
UPA VICENTE MISSIANO	2024-03-23	34.297619047619044	31.58985260770975	9.930925995797486	0.28453212104757913	orange
UPA VICENTE MISSIANO	2024-03-30	31.505952380952383	31.12981859410431	9.998193911932756	0.03426324203014021	orange
UPA VICENTE MISSIANO	2024-04-06	38.142857142857146	31.590561224489793	9.965482757923253	0.6483701002203376	orange
UPA VICENTE MISSIANO	2024-04-13	36.75	33.0905612244898	10.091362552585506	0.3597069498318863	orange
UPA VICENTE MISSIANO	2024-04-20	36.220238095238095	34.878543083900226	10.292773983294284	0.12001731566542971	orange
UPA VICENTE MISSIANO	2024-04-27	35.125	35.0969387755102	10.721864661994635	-0.00484476245224449	green
UPA VICENTE MISSIANO	2024-05-04	36.148809523809526	35.32596371882086	10.54592636908312	0.079749761455751	orange
UPA VICENTE MISSIANO	2024-05-11	45.17739506869942	36.968133531409926	10.938991210687599	0.7495483506860305	red
UPA VICENTE MISSIANO	2024-05-18	45.922619047619044	38.64847174047485	12.245195618647918	0.5683795523699472	orange
UPA VICENTE MISSIANO	2024-05-25	45.17857142857143	40.14407831643856	13.060531164975444	0.3838594576008828	orange
UPA VICENTE MISSIANO	2024-06-01	30.752587991718425	39.88555642942289	13.197893460720783	-0.6900197625311176	green
UPA VICENTE MISSIANO	2024-06-08	29.982142857142858	39.769367925035624	12.546641635452772	-0.7789473234219003	green
UPA VICENTE MISSIANO	2024-06-15	22.98938923395445	37.70911701307664	13.174136820548044	-1.1174982923279637	green
UPA VICENTE MISSIANO	2024-06-22	24.934523809523807	34.51559405053194	13.211991235177791	-0.718646791515725	green
UPA VICENTE MISSIANO	2024-06-29	22.577380952380953	31.347160603371783	11.2752566498088	-0.789786944774411	green
UPA VICENTE MISSIANO	2024-07-06	37.7478354978355	28.41365462522295	8.998135206241278	1.0514982936013604	red
UPA VICENTE MISSIANO	2024-07-13	38.81547619047619	28.75427298719224	9.377294728094919	1.0194491232696978	red
UPA VICENTE MISSIANO	2024-07-20	35.76190476190476	30.2454614915795	11.165411456701303	0.4964137891413106	orange
UPA VICENTE MISSIANO	2024-07-27	38.6054724261246	31.8593706586719	12.409797034318787	0.5209915230358111	orange
UPA VICENTE MISSIANO	2024-08-03	37.82599284773198	34.26286545580024	13.169414182847126	0.26556866544359764	orange
UPA VICENTE MISSIANO	2024-08-10	31.37982307547525	36.21484196445377	13.16904060770546	-0.3713902633374689	green
UPA VICENTE MISSIANO	2024-08-17	30.083333333333332	36.12363206152026	13.264245690592885	-0.4505800652428393	green
UPA VICENTE MISSIANO	2024-08-24	32.80968045112782	35.057188558281645	12.904567752311413	-0.16864026387999928	green
UPA VICENTE MISSIANO	2024-08-31	30.458543417366943	33.4831683361577	12.408113002914885	-0.2415409327262756	green
UPA VICENTE MISSIANO	2024-09-07	26.702380952380953	32.41367541382408	11.77541400408899	-0.4689179406682567	green
UPA VICENTE MISSIANO	2024-09-14	35.589285714285715	31.091012224701267	10.969735485311428	0.41059957309427675	orange
UPA VICENTE MISSIANO	2024-09-21	40.779761904761905	31.751705784074947	12.026666422468763	0.7273907947842287	red
UPA VICENTE MISSIANO	2024-09-28	35.166666666666664	33.36273118896681	12.361803380040678	0.1470244984298265	orange
UPA VICENTE MISSIANO	2024-10-05	40.51190476190476	34.16978229888446	13.274862258502038	0.4588514876348941	orange
UPA VICENTE MISSIANO	2024-10-12	39.53174603174603	35.19165221644213	14.11080564940812	0.302245079843113	orange
UPA Sacadura Cabral	2023-07-15	49.92857142857143	51.12789115646258	8.257635906894079	-0.23853153023207416	orange
UPA Sacadura Cabral	2023-07-22	43.84937888198758	48.10818852257129	7.389217870758893	-0.5769790420281956	green
UPA Sacadura Cabral	2023-07-29	40.00595238095239	45.25348031406816	7.074248698949682	-0.7336901414367575	green
UPA Sacadura Cabral	2023-08-05	43.273809523809526	44.278027812578344	6.581738798230709	-0.14594903854890465	green
UPA Sacadura Cabral	2023-08-12	41.18452380952381	44.149535058082385	6.175492748859838	-0.4433388194753402	green
UPA Sacadura Cabral	2023-08-26	45.57142857142857	44.002499653395425	6.7009112432918645	0.22696065445910918	orange
UPA Sacadura Cabral	2023-09-02	44.0654761904762	43.11690328305235	6.167582263396299	0.20364086500620243	orange
UPA Sacadura Cabral	2023-09-09	41.92857142857143	42.817657497781724	6.167611065727244	-0.13992632630528848	green
UPA Sacadura Cabral	2023-09-16	47.732142857142854	43.359410430839	6.894922794728392	0.6187890441492158	orange
UPA Sacadura Cabral	2023-09-23	42.648809523809526	43.53231292517007	9.245711010534734	-0.12572377569434187	green
UPA Sacadura Cabral	2023-09-30	50.922619047619044	44.55428004535147	9.662692560573573	0.6498233598488293	red
UPA Sacadura Cabral	2023-10-07	45.410714285714285	45.26729024943311	9.332744982161845	0.01592345801740247	orange
UPA Sacadura Cabral	2023-10-14	38.3154761904762	45.160572562358276	9.277143095605734	-0.7275771116489577	green
UPA Sacadura Cabral	2023-10-21	42.35119047619048	44.345096371882086	9.634895412392078	-0.20560084050013241	green
UPA Sacadura Cabral	2023-10-28	48.964285714285715	44.67276077097506	9.565203930574013	0.44672506069216195	orange
UPA Sacadura Cabral	2023-11-04	55.25595238095237	46.0654761904762	8.03126194823622	1.097096210356163	red
UPA Sacadura Cabral	2023-11-11	57.91666666666667	47.500708616780045	9.372595755724673	1.1086452471810027	red
UPA Sacadura Cabral	2023-11-18	49.85119047619048	48.581774376417236	9.89425391641552	0.1295853092218729	orange
UPA Sacadura Cabral	2023-12-16	44.08333333333333	49.18778344671201	9.61732716405397	-0.5391563254325413	green
UPA Sacadura Cabral	2023-12-23	41.68835034013606	49.68850218658893	8.933972175633285	-0.8938520468025534	green
UPA Sacadura Cabral	2024-01-06	51.482142857142854	50.28465136054422	9.387644027931179	0.1309174932322366	red
UPA Sacadura Cabral	2024-01-13	45.94047619047619	49.61245748299319	8.997696084227496	-0.41808489889035944	orange
UPA Sacadura Cabral	2024-01-20	49.25	47.632157029478456	8.215418497089205	0.2028510578537477	orange
UPA Sacadura Cabral	2024-01-27	50.642857142857146	47.04485544217687	7.561155017728816	0.4749852741588925	red
UPA Sacadura Cabral	2024-02-03	47.13690476190476	47.5577522675737	7.368265120248873	-0.060438985760501045	orange
UPA Sacadura Cabral	2024-02-10	50.529761904761905	48.49538386783285	7.153939041643533	0.28651029559486735	red
UPA Sacadura Cabral	2024-02-17	48.017857142857146	48.249433106575964	6.318008578796671	-0.054637950391171586	orange
UPA Sacadura Cabral	2024-02-24	59.07142857142857	49.53075396825397	7.664923894035006	1.1994928315482076	red
UPA Sacadura Cabral	2024-03-02	54.32142857142857	51.32681405895691	8.095231838534689	0.3666677751031327	red
UPA Sacadura Cabral	2024-03-09	48.851190476190474	51.43041383219954	8.274099454402641	-0.3124091307641737	orange
UPA Sacadura Cabral	2024-03-16	52.404761904761905	51.7780612244898	8.106090245105046	0.07527845697158074	red
UPA Sacadura Cabral	2024-03-23	52.904761904761905	52.785856009070294	7.797999782744976	0.04382477924981184	red
UPA Sacadura Cabral	2024-03-30	44.47412008281573	52.683574879227045	8.134610421689619	-1.0031440272685876	green
UPA Sacadura Cabral	2024-04-06	52.06547619047619	51.357364685004434	7.891091834747073	0.11810550180536386	red
UPA Sacadura Cabral	2024-04-13	51.642857142857146	50.51652001380262	7.0939879810553	0.16886862534197483	red
UPA Sacadura Cabral	2024-04-20	56.476190476190474	51.17950187321305	7.209964887343141	0.733163404453035	red
UPA Sacadura Cabral	2024-04-27	58.226190476190474	52.03692817706793	7.690364747787655	0.797887370489525	red
UPA Sacadura Cabral	2024-05-04	54.75595238095237	52.69636695257814	8.079603832215206	0.24693681022168365	red
UPA Sacadura Cabral	2024-05-11	51.726190476190474	53.538160554076704	7.193669745058422	-0.2706427792042451	red
UPA Sacadura Cabral	2024-05-18	50.13690476190476	54.1469671201814	6.386386394035696	-0.6217293885855449	red
UPA Sacadura Cabral	2024-05-25	44.482142857142854	53.18735827664399	7.186053609277991	-1.2109137681407414	green
UPA Sacadura Cabral	2024-06-01	34.43777056277056	50.483431251288394	8.925083726998448	-1.807376779779284	green
UPA Sacadura Cabral	2024-06-08	36.695910973084885	47.135104371129216	9.742087964927395	-1.0693724901467383	green
UPA Sacadura Cabral	2024-06-15	43.04166666666667	44.10589703602126	8.841686160296188	-0.11024802930970304	green
UPA Sacadura Cabral	2024-06-22	45.99404761904761	42.723527421508784	7.845288743864756	0.4357047614728235	orange
UPA Sacadura Cabral	2024-06-29	46.05952380952381	41.97806256890107	7.207383259775873	0.5754739199123143	orange
UPA Sacadura Cabral	2024-07-06	37.785714285714285	41.122762115386344	7.0498160308481985	-0.4664718410942966	green
UPA Sacadura Cabral	2024-07-13	35.738095238095234	40.69460297294148	6.937513914834668	-0.7125029141992808	green
UPA Sacadura Cabral	2024-07-20	36.476190476190474	40.8075273587696	6.792789138090739	-0.639086636387813	green
UPA Sacadura Cabral	2024-07-27	34.160714285714285	39.94288548752835	6.652627908313482	-0.8664453019556377	green
UPA Sacadura Cabral	2024-08-03	34.67857142857143	38.30683106575964	6.3821867060252035	-0.553575890928051	green
UPA Sacadura Cabral	2024-08-10	43.089285714285715	37.2529761904762	5.817836707743019	0.9977079320755663	red
UPA Sacadura Cabral	2024-08-17	52.88095238095239	38.38761337868481	6.860389267899804	2.1047955338137285	red
UPA Sacadura Cabral	2024-08-24	52.591269841269835	41.40317024245595	9.033086718712578	1.253211447677046	red
UPA Sacadura Cabral	2024-08-31	47.32564935064935	43.1869030440459	9.882730579030637	0.40845533438729786	orange
UPA Sacadura Cabral	2024-09-07	50.13095238095239	45.66061464990037	9.315781806736675	0.48082780428882405	red
UPA Sacadura Cabral	2024-09-14	47.732142857142854	48.1565046725761	8.053830592845758	-0.0657940630455574	orange
UPA Sacadura Cabral	2024-09-21	45.107142857142854	49.14885161135162	6.939368762416968	-0.5829296960227183	orange
UPA Sacadura Cabral	2024-09-28	43.237836438923395	48.60958191796701	6.794161153341656	-0.7867517983850547	green
UPA Sacadura Cabral	2024-10-05	42.19642857142857	46.507542997605114	6.561743734741185	-0.6457288901204132	green
UPA Sacadura Cabral	2024-10-12	48.894841269841265	46.3468277868899	5.418668151584229	0.45535293417694184	orange
UPA Vila Mariana	2023-07-15	45.63095238095239	47.02624716553288	12.311183658950524	-0.21072541649533907	orange
UPA Vila Mariana	2023-07-22	39.648809523809526	43.49761219270148	11.563458503886286	-0.3263894302692872	green
UPA Vila Mariana	2023-07-29	40.839285714285715	42.14972924842452	10.266736818687923	-0.11865822001661551	green
UPA Vila Mariana	2023-08-05	48.404761904761905	42.527207192824434	10.034700240457052	0.5864227907245424	orange
UPA Vila Mariana	2023-08-12	51.86801242236025	44.65486143170641	10.67823698190144	0.6702837991760661	red
UPA Vila Mariana	2023-08-26	59.48809523809524	46.78252094098502	11.79627829007067	1.0753289916014757	red
UPA Vila Mariana	2023-09-02	56.89880952380952	48.26640909987184	12.486871423858608	0.6816540050425962	red
UPA Vila Mariana	2023-09-09	46.49223602484472	50.336192447993696	12.287576897581554	-0.3141314828364991	orange
UPA Vila Mariana	2023-09-16	56.910714285714285	52.19496204278813	12.390570221848636	0.3661342668165747	red
UPA Vila Mariana	2023-09-23	49.61038961038961	53.18331495971248	13.741194635469343	-0.27546989995167664	orange
UPA Vila Mariana	2023-09-30	48.922619047619044	53.45290359226694	13.93199388585121	-0.3241309868868987	orange
UPA Vila Mariana	2023-10-07	42.863095238095234	51.27050563308327	14.207550684808941	-0.5834816021278455	green
UPA Vila Mariana	2023-10-14	41.11309523809524	48.969343501564005	14.00432942178821	-0.5592943186992265	green
UPA Vila Mariana	2023-10-21	44.32142857142857	47.22651593575507	13.876836166662335	-0.2078811955602522	green
UPA Vila Mariana	2023-10-28	44.339285714285715	46.052695320552466	12.824603930240979	-0.12159315473961405	green
UPA Vila Mariana	2023-11-04	39.327380952380956	44.855442176870746	10.674350893756639	-0.5243516914770029	green
UPA Vila Mariana	2023-11-11	41.92857142857143	42.570011337868486	9.449183498796318	-0.05012183866923771	green
UPA Vila Mariana	2023-11-18	37.726190476190474	41.80810657596372	9.048914991073861	-0.44502822526120955	green
UPA Vila Mariana	2023-12-16	44.83333333333333	41.704365079365076	9.247749813997691	0.3386983072336802	orange
UPA Vila Mariana	2023-12-23	41.86904761904761	41.78741496598639	9.331909446603172	0.01499965282309981	orange
UPA Vila Mariana	2024-01-06	50.357142857142854	42.31150793650794	9.41076443601372	0.8536020139051199	red
UPA Vila Mariana	2024-01-13	40.839285714285715	42.731859410430836	9.566052331319872	-0.19874220188706318	green
UPA Vila Mariana	2024-01-20	47.095238095238095	43.295776643990926	9.88861786845868	0.37814675839442724	orange
UPA Vila Mariana	2024-01-27	50.017857142857146	44.96258503401361	10.19223137467314	0.4836242339685123	red
UPA Vila Mariana	2024-02-03	51.25698757763975	46.61035936113576	10.668041325761932	0.41934236212030973	red
UPA Vila Mariana	2024-02-10	50.55952380952381	47.874180469289165	10.549365281198602	0.25087232545403965	red
UPA Vila Mariana	2024-02-17	44.04296066252588	47.45823474317263	11.036564223287636	-0.31397354452744697	green
UPA Vila Mariana	2024-02-24	45.904761904761905	47.813738538893816	10.517813584827554	-0.183076418957872	orange
UPA Vila Mariana	2024-03-02	44.19642857142857	47.97360248447205	10.019251181070743	-0.36840426966491335	green
UPA Vila Mariana	2024-03-09	47.285714285714285	47.2869528246081	9.924432768442259	0.009324953037230676	orange
UPA Vila Mariana	2024-03-16	49.05150103519669	46.997978901705615	9.40296131316877	0.23327795526478473	orange
UPA Vila Mariana	2024-03-23	50.089285714285715	46.834337720595485	9.5604901398172	0.34784882891340924	red
UPA Vila Mariana	2024-03-30	43.75595238095239	47.25255102040817	9.917242955752963	-0.33363976464968037	green
UPA Vila Mariana	2024-04-06	49.648809523809526	47.06527284826974	10.702993406118724	0.23886102994596184	orange
UPA Vila Mariana	2024-04-13	49.44642857142857	47.75716627230603	10.932930364650048	0.14666673196469102	orange
UPA Vila Mariana	2024-04-20	47.322722567287784	48.52054988662132	10.657123271094829	-0.10347552693842145	orange
UPA Vila Mariana	2024-04-27	56.94047619047619	48.87080375628512	11.543906365535317	0.6906681843420183	red
UPA Vila Mariana	2024-05-04	47.67857142857143	49.30024401064774	12.13280617768758	-0.1359530091608737	orange
UPA Vila Mariana	2024-05-11	47.452380952380956	49.235334713595584	11.77299627279148	-0.15663509415486768	orange
UPA Vila Mariana	2024-05-18	46.75	49.44380977028493	11.20349927978634	-0.23948056768464257	orange
UPA Vila Mariana	2024-05-25	43.214285714285715	48.84247757073844	10.9275339981252	-0.5099637136411974	green
UPA Vila Mariana	2024-06-01	36.83410973084886	47.241262447007784	11.608944829436192	-0.8864194038447751	green
UPA Vila Mariana	2024-06-08	40.51190476190476	45.005656610470275	10.973985605535699	-0.3992126068028291	green
UPA Vila Mariana	2024-06-15	40.38095238095237	42.90885955831608	10.15047763004478	-0.23075245354696233	green
UPA Vila Mariana	2024-06-22	42.654761904761905	42.00962486443853	10.050405520070427	0.0695192403237166	orange
UPA Vila Mariana	2024-06-29	42.172619047619044	41.23595706398502	10.064290526110037	0.10123896180605708	orange
UPA Vila Mariana	2024-07-06	38.18452380952381	40.3591146603569	10.30098075382884	-0.20797986302602436	green
UPA Vila Mariana	2024-07-13	35.56547619047619	39.837535738933255	10.060046541549415	-0.420307136688065	green
UPA Vila Mariana	2024-07-20	35.220238095238095	39.42573696145125	9.611508129020363	-0.4390536138761063	green
UPA Vila Mariana	2024-07-27	36.661490683229815	38.74045524006704	9.046368058084102	-0.2258314773313346	green
UPA Vila Mariana	2024-08-03	29.961697722567287	37.2862072365178	8.727105562777554	-0.8329933306063995	green
UPA Vila Mariana	2024-08-10	38.33170995670996	35.91922496930261	8.387535714075591	0.2920515688068203	orange
UPA Vila Mariana	2024-08-17	43.268398268398265	36.03706149785342	8.599337158705415	0.8243902427475877	red
UPA Vila Mariana	2024-08-24	44.615196078431374	37.513031431281334	9.428133571029536	0.7420897539009513	red
UPA Vila Mariana	2024-08-31	39.83809523809524	38.05088824067177	10.836031571414962	0.1430049668587827	orange
UPA Vila Mariana	2024-09-07	42.75	39.2835905969766	11.399655965686978	0.29711287603453246	orange
UPA Vila Mariana	2024-09-14	46.61361283643892	41.375655321417106	11.522630423341232	0.4438234678159962	orange
UPA Vila Mariana	2024-09-21	39.267857142857146	42.670808494675875	11.009197697284817	-0.30971477079425636	green
UPA Vila Mariana	2024-09-28	33.04761904761905	42.13701391623844	11.007394591291884	-0.8107689210161129	green
UPA Vila Mariana	2024-10-05	42.654761904761905	40.76776166988535	11.708527041194973	0.17071732579568177	orange
UPA Vila Mariana	2024-10-12	35.089285714285715	41.062265026783656	11.34990042520225	-0.5282418001289177	green
Unidade de Pronto Atendimento Akira Tada	2023-07-15	36.077380952380956	34.68724489795919	9.249806683107431	0.08823095134851962	orange
Unidade de Pronto Atendimento Akira Tada	2023-07-22	34.863095238095234	36.259182203378636	7.255414158108684	-0.2149296674304222	green
Unidade de Pronto Atendimento Akira Tada	2023-07-29	37.779761904761905	35.69358180406665	7.4136329971540444	0.2734409255595933	orange
Unidade de Pronto Atendimento Akira Tada	2023-08-05	47.392857142857146	37.68089279370464	8.485307299561464	1.1053554150855698	red
Unidade de Pronto Atendimento Akira Tada	2023-08-12	51.80513784461153	40.75026792093518	10.22382691648352	1.075932737174536	red
Unidade de Pronto Atendimento Akira Tada	2023-08-26	54.49404761904761	43.0302640149156	11.58086304582481	0.9751057918269131	red
Unidade de Pronto Atendimento Akira Tada	2023-09-02	46.94642857142857	44.630930003580374	11.445568597002515	0.19737499545240458	orange
Unidade de Pronto Atendimento Akira Tada	2023-09-09	49.0	46.87256832557585	11.069492628390083	0.17537314969934448	orange
Unidade de Pronto Atendimento Akira Tada	2023-09-16	55.214285714285715	49.74912728249194	10.066527874660435	0.5328752753519181	red
Unidade de Pronto Atendimento Akira Tada	2023-09-23	50.06547619047619	50.79150256593865	11.705803851542166	-0.08500984591669561	red
Unidade de Pronto Atendimento Akira Tada	2023-09-30	55.0595238095238	51.50886889843657	12.372057442828888	0.2796207830810042	red
Unidade de Pronto Atendimento Akira Tada	2023-10-07	50.023809523809526	51.2453231292517	12.14813231747665	-0.09262084752640949	red
Unidade de Pronto Atendimento Akira Tada	2023-10-14	44.42857142857143	51.08886054421769	12.016618350273939	-0.5482361768690841	green
Unidade de Pronto Atendimento Akira Tada	2023-10-21	43.08333333333333	50.028486394557824	12.372700413480326	-0.5580272901705211	green
Unidade de Pronto Atendimento Akira Tada	2023-10-28	45.595238095238095	48.67672902494331	12.316361111530451	-0.24877641194996752	orange
Unidade de Pronto Atendimento Akira Tada	2023-11-04	42.75595238095237	47.69019274376417	10.492106919159236	-0.4614030928544065	green
Unidade de Pronto Atendimento Akira Tada	2023-11-11	40.845238095238095	45.62103174603175	9.251005351785208	-0.5158516482510178	green
Unidade de Pronto Atendimento Akira Tada	2023-11-18	39.648809523809526	43.35034013605442	8.58491496665373	-0.42082380165979066	green
Unidade de Pronto Atendimento Akira Tada	2023-12-16	51.589285714285715	43.135487528344676	8.944408328366455	0.9320374102409229	red
Unidade de Pronto Atendimento Akira Tada	2023-12-23	49.60741341991342	44.54285843125128	9.524048230405777	0.5237683273695971	orange
Unidade de Pronto Atendimento Akira Tada	2024-01-06	48.845238095238095	45.421105184498046	9.30303009882232	0.3709552441879174	orange
Unidade de Pronto Atendimento Akira Tada	2024-01-13	45.07142857142857	46.08309498041641	9.00914708779319	-0.11248799742583275	orange
Unidade de Pronto Atendimento Akira Tada	2024-01-20	47.25595238095237	46.34981833642548	9.02260607636046	0.08925492589737274	orange
Unidade de Pronto Atendimento Akira Tada	2024-01-27	44.285714285714285	47.47325937950938	8.337497412054878	-0.3787922252040547	green
Unidade de Pronto Atendimento Akira Tada	2024-02-03	48.797619047619044	47.60534554730983	7.944238723374	0.14786162577473166	orange
Unidade de Pronto Atendimento Akira Tada	2024-02-10	49.86723602484472	47.27470243696952	7.331268616031908	0.3714195798569487	orange
Unidade de Pronto Atendimento Akira Tada	2024-02-17	40.047619047619044	45.84649511978704	8.824060657147852	-0.6701878622601711	green
Unidade de Pronto Atendimento Akira Tada	2024-02-24	56.00672877846791	46.769471556738644	9.535568827068946	0.9642347997885545	red
Unidade de Pronto Atendimento Akira Tada	2024-03-02	52.56547619047619	48.226017943409246	10.058887915855758	0.4302216297487198	red
Unidade de Pronto Atendimento Akira Tada	2024-03-09	53.785714285714285	49.66337622005324	10.301690116607896	0.39948623964464325	red
Unidade de Pronto Atendimento Akira Tada	2024-03-16	53.75	50.56105195701468	10.091353435193156	0.3144986756661547	red
Unidade de Pronto Atendimento Akira Tada	2024-03-23	52.36309523809524	51.44889332544612	10.330606066220877	0.09503961915116713	red
Unidade de Pronto Atendimento Akira Tada	2024-03-30	46.625	52.83700581681948	8.71030447833321	-0.7175508188509898	orange
Unidade de Pronto Atendimento Akira Tada	2024-04-06	48.797619047619044	51.827861579414375	8.833965668724357	-0.3395179307775167	orange
Unidade de Pronto Atendimento Akira Tada	2024-04-13	48.99741200828157	50.95936236813566	8.500891065082696	-0.23519719392763072	orange
Unidade de Pronto Atendimento Akira Tada	2024-04-20	47.61309523809524	50.3428226363009	8.066051624345675	-0.3204102393150287	orange
Unidade de Pronto Atendimento Akira Tada	2024-04-27	49.523809523809526	49.473208123829245	9.233681666277763	0.008757941922506498	orange
Unidade de Pronto Atendimento Akira Tada	2024-05-04	49.13095238095239	48.61620699004239	9.355919494667393	0.042041182744970866	orange
Unidade de Pronto Atendimento Akira Tada	2024-05-11	49.48809523809524	48.59792467711723	9.182481971930004	0.0906533546515724	orange
Unidade de Pronto Atendimento Akira Tada	2024-05-18	46.023809523809526	48.70804372473627	8.986371867814166	-0.3018143971586859	orange
Unidade de Pronto Atendimento Akira Tada	2024-05-25	48.61904761904761	48.61517795524007	8.853427407288375	0.011302704029094406	orange
Unidade de Pronto Atendimento Akira Tada	2024-06-01	38.55538302277433	47.32576653849946	9.397722120231787	-0.9289421376251916	green
Unidade de Pronto Atendimento Akira Tada	2024-06-08	37.345238095238095	45.86410578724243	8.70156716201515	-0.9772140055438291	green
Unidade de Pronto Atendimento Akira Tada	2024-06-15	37.82251082251082	43.75099766520574	8.781487990246443	-0.6607724062064566	green
Unidade de Pronto Atendimento Akira Tada	2024-06-22	36.226190476190474	41.74608888351124	8.534603603711128	-0.6487530922503953	green
Unidade de Pronto Atendimento Akira Tada	2024-06-29	35.589285714285715	39.895040130676776	8.183877858962566	-0.5208768909671837	green
Unidade de Pronto Atendimento Akira Tada	2024-07-06	35.613095238095234	37.62704126446363	7.1563001656085685	-0.2809832328046104	green
Unidade de Pronto Atendimento Akira Tada	2024-07-13	31.422619047619044	36.07480080306167	6.506839236413207	-0.7042519792175262	green
Unidade de Pronto Atendimento Akira Tada	2024-07-20	33.30357142857143	35.053184910327765	6.660401605588441	-0.25430104677751275	green
Unidade de Pronto Atendimento Akira Tada	2024-07-27	31.851190476190474	34.27456967635539	6.207946899750623	-0.3690098428440883	green
Unidade de Pronto Atendimento Akira Tada	2024-08-03	23.660714285714285	32.721797052154194	6.300177091171234	-1.407683215979194	green
Unidade de Pronto Atendimento Akira Tada	2024-08-10	39.44047619047619	31.845521541950113	7.008488348993553	1.0777118107758503	red
Unidade de Pronto Atendimento Akira Tada	2024-08-17	48.79166666666667	33.586734693877546	8.625137742983059	1.7457137430569456	red
Unidade de Pronto Atendimento Akira Tada	2024-08-24	54.61439960599625	36.9890029271782	11.990747926654768	1.4550227019565158	red
Unidade de Pronto Atendimento Akira Tada	2024-08-31	46.7593984962406	39.74552560565387	13.023912956976831	0.5317018737855282	orange
Unidade de Pronto Atendimento Akira Tada	2024-09-07	49.535714285714285	42.65144367463585	13.463883199280485	0.5022055230702743	orange
Unidade de Pronto Atendimento Akira Tada	2024-09-14	52.56547619047619	46.64350716669934	12.130380949644216	0.444079863064414	red
Unidade de Pronto Atendimento Akira Tada	2024-09-21	45.424171842650104	49.30915712233377	9.80547752920816	-0.3938923381040323	orange
Unidade de Pronto Atendimento Akira Tada	2024-09-28	39.910714285714285	49.092462110995896	9.972027299052607	-0.9116776998975256	green
Unidade de Pronto Atendimento Akira Tada	2024-10-05	35.84368530020704	46.32812151251729	9.995920925865354	-1.0371430938116843	green
Unidade de Pronto Atendimento Akira Tada	2024-10-12	40.61309523809524	44.965377232764446	10.099592973278783	-0.42844912532898977	green
UPA - Pauliceia Taboão	2023-07-15	38.226190476190474	40.794416099773244	3.7627102391406186	-0.7066993455313352	green
UPA - Pauliceia Taboão	2023-07-22	38.392857142857146	38.57682940406154	4.7552073389859775	-0.05810973440445905	green
UPA - Pauliceia Taboão	2023-07-29	41.25	38.54596393747558	5.3086989459600735	0.4831935912925203	orange
UPA - Pauliceia Taboão	2023-08-05	51.88690476190476	40.68832895336777	6.693313519283023	1.5714820985896207	red
UPA - Pauliceia Taboão	2023-08-12	47.56547619047619	43.18220152927858	8.469636656179437	0.5125010866312798	orange
UPA - Pauliceia Taboão	2023-08-26	48.142857142857146	44.03316423705487	8.59136747430109	0.4797274131255049	orange
UPA - Pauliceia Taboão	2023-09-02	39.94642857142857	44.21655328798186	8.877555304207629	-0.48297101101079093	green
UPA - Pauliceia Taboão	2023-09-09	32.93737060041408	44.18636005126688	9.051361873400838	-1.220797727825609	green
UPA - Pauliceia Taboão	2023-09-16	35.128881987577635	43.11365596963423	9.991947377213695	-0.7997598459311994	green
UPA - Pauliceia Taboão	2023-09-23	36.107142857142854	41.0294661342798	11.277335962470882	-0.4323717339525837	green
UPA - Pauliceia Taboão	2023-09-30	41.095238095238095	39.353162279404515	10.65608699327914	0.15799442675606382	orange
UPA - Pauliceia Taboão	2023-10-07	39.87965838509317	37.83990806467515	10.418428310674724	0.20962480863827565	orange
UPA - Pauliceia Taboão	2023-10-14	38.36904761904761	37.51181849551415	10.070560951024827	0.08030620833892911	orange
UPA - Pauliceia Taboão	2023-10-21	45.40864389233955	37.92370970127182	10.2494768091787	0.7238228881407837	red
UPA - Pauliceia Taboão	2023-10-28	50.732142857142854	40.86507936507936	10.70731069433817	0.9177567455720774	red
UPA - Pauliceia Taboão	2023-11-04	49.714285714285715	43.69019890564921	9.690244156046502	0.6207056566999986	orange
UPA - Pauliceia Taboão	2023-11-11	44.87163561076604	44.468605195701464	9.16813513509508	0.045729482371011744	orange
UPA - Pauliceia Taboão	2023-11-18	45.22023809523809	45.47599329586907	8.641856346085195	-0.03853905203403033	orange
UPA - Pauliceia Taboão	2023-12-16	38.017857142857146	45.36885043872621	9.487313740672104	-0.7719636772068402	green
UPA - Pauliceia Taboão	2023-12-23	42.8125	45.587421744059945	8.97720092567572	-0.31042999294331836	green
UPA - Pauliceia Taboão	2024-01-06	57.125	46.113030538302276	10.134891278466094	1.0882349464605492	red
UPA - Pauliceia Taboão	2024-01-13	50.99404761904761	46.439986320615205	10.182273702383137	0.44610683512118066	red
UPA - Pauliceia Taboão	2024-01-20	49.267857142857146	46.872039214236416	10.254169635193227	0.22846623654411807	orange
UPA - Pauliceia Taboão	2024-01-27	48.0	47.63144841269841	9.438031599214709	0.030847507336064117	orange
UPA - Pauliceia Taboão	2024-02-03	42.50595238095239	48.31299603174603	8.262083927978571	-0.7025407669485818	green
UPA - Pauliceia Taboão	2024-02-10	44.964285714285715	48.699971655328795	8.348689911498619	-0.44283665230132335	green
UPA - Pauliceia Taboão	2024-02-17	45.66174948240166	47.345761855466826	7.358013128148196	-0.22577362808751592	orange
UPA - Pauliceia Taboão	2024-02-24	47.13690476190476	46.64713965296263	7.257701746769183	0.07133344245440441	orange
UPA - Pauliceia Taboão	2024-03-02	48.5370082815735	46.08513876565119	7.362108066558778	0.32953126819041223	orange
UPA - Pauliceia Taboão	2024-03-09	50.279761904761905	46.45815463866706	8.495198004017444	0.4541716243531345	red
UPA - Pauliceia Taboão	2024-03-16	53.163265306122454	47.445055351333075	8.59551154875813	0.6553938552002929	red
UPA - Pauliceia Taboão	2024-03-23	55.00595238095237	49.24032584048113	8.921841835386928	0.6349078320922558	red
UPA - Pauliceia Taboão	2024-03-30	47.1845238095238	50.51389505077394	9.102844807405715	-0.36338556470309463	orange
UPA - Pauliceia Taboão	2024-04-06	47.61904761904763	50.06625874987676	9.477337494991682	-0.2595022372365335	orange
UPA - Pauliceia Taboão	2024-04-13	49.25077639751553	50.45093290939565	8.86967023190259	-0.13211082869233828	orange
UPA - Pauliceia Taboão	2024-04-20	49.648809523809526	50.41084368530021	8.311733798492341	-0.09717178899843591	orange
UPA - Pauliceia Taboão	2024-04-27	50.20833333333333	50.102230954493606	8.730240214992806	0.00853518488647792	red
UPA - Pauliceia Taboão	2024-05-04	50.44642857142857	49.44457384403036	8.19294813377684	0.1279133173096457	red
UPA - Pauliceia Taboão	2024-05-11	50.404761904761905	49.26869515922311	7.782289985664085	0.12208620491199942	red
UPA - Pauliceia Taboão	2024-05-18	43.5	49.242901508429455	7.724252651324051	-0.7386292858528801	green
UPA - Pauliceia Taboão	2024-05-25	43.410714285714285	48.48669649019028	8.147127132285041	-0.6174637458838143	green
UPA - Pauliceia Taboão	2024-06-01	36.64448051948052	46.41079158936302	8.764952165684177	-1.1076937249677905	green
UPA - Pauliceia Taboão	2024-06-08	35.81547619047619	44.547039270253556	8.777409226411558	-0.9817916677366545	green
UPA - Pauliceia Taboão	2024-06-15	37.9404761904762	42.12215264893837	8.871487232581043	-0.4654472577285142	green
UPA - Pauliceia Taboão	2024-06-22	45.63095238095239	40.525639043496184	7.590179490686454	0.6746523722123374	red
UPA - Pauliceia Taboão	2024-06-29	41.07142857142857	40.07226602762317	7.394867773967543	0.1355409046237366	orange
UPA - Pauliceia Taboão	2024-07-06	40.392857142857146	39.836013193156056	7.2565673493320935	0.07420748793394702	orange
UPA - Pauliceia Taboão	2024-07-13	31.678571428571427	39.15949031127603	7.354350786779144	-1.0112450583530472	green
UPA - Pauliceia Taboão	2024-07-20	31.065476190476193	38.23526077097506	7.506620213111893	-0.953111799152682	green
UPA - Pauliceia Taboão	2024-07-27	37.517857142857146	37.91113945578231	7.573529230915848	-0.05013601456097699	green
UPA - Pauliceia Taboão	2024-08-03	32.86904761904762	36.7842970521542	7.218734695301258	-0.5410743777679119	green
UPA - Pauliceia Taboão	2024-08-10	41.720238095238095	35.926587301587304	6.775233949531618	0.8337660173670046	red
UPA - Pauliceia Taboão	2024-08-17	50.125	36.595238095238095	7.749294874517294	1.7284484126555129	red
UPA - Pauliceia Taboão	2024-08-24	51.297021116138765	39.44333553934394	9.503835046511323	1.2474893727998297	red
UPA - Pauliceia Taboão	2024-08-31	41.4485294117647	41.48229330193616	10.132727261672093	-0.013754303962116304	green
UPA - Pauliceia Taboão	2024-09-07	44.154761904761905	43.18392395419706	9.832550938911059	0.09699439574526401	orange
UPA - Pauliceia Taboão	2024-09-14	45.482142857142854	44.97360649387961	9.215303403476563	0.04190646395769921	orange
UPA - Pauliceia Taboão	2024-09-21	34.63095238095238	45.04333438503607	8.90787939524799	-1.1716287988851477	green
UPA - Pauliceia Taboão	2024-09-28	34.601190476190474	43.387013523358064	9.23412791338308	-0.9443156490084378	green
UPA - Pauliceia Taboão	2024-10-05	33.785714285714285	40.17638773458101	9.290666915776482	-0.6750907301136821	green
UPA - Pauliceia Taboão	2024-10-12	37.33134920634921	39.204551264950425	8.400650259059388	-0.21012804726684453	green
Unidade Avançada Carlos Chagas	2023-07-15	48.797619047619044	47.11235827664399	14.944462939301966	0.06058797320200741	orange
Unidade Avançada Carlos Chagas	2023-07-22	35.238095238095234	44.15854317640032	13.814714416667982	-0.6325969012157849	green
Unidade Avançada Carlos Chagas	2023-07-29	44.232142857142854	42.17878821484734	13.964539354709204	0.14132831204938182	orange
Unidade Avançada Carlos Chagas	2023-08-05	43.297619047619044	42.67159406769138	13.731917092177188	0.04804840764348674	orange
Unidade Avançada Carlos Chagas	2023-08-12	44.74404761904761	43.26439016899906	13.368724495574343	0.11303277655735748	orange
Unidade Avançada Carlos Chagas	2023-08-26	47.982142857142854	43.85528404105907	13.725922025901662	0.292497107326302	orange
Unidade Avançada Carlos Chagas	2023-09-02	39.785714285714285	43.057397959183675	13.497134499230071	-0.23751068439780534	green
Unidade Avançada Carlos Chagas	2023-09-09	35.86904761904761	42.728599773242635	13.351649816460746	-0.5094479078503988	green
Unidade Avançada Carlos Chagas	2023-09-16	41.23809523809524	42.48256802721089	13.320985004407392	-0.09103379455440545	green
Unidade Avançada Carlos Chagas	2023-09-23	37.642857142857146	41.35983560090703	14.01613457623117	-0.26342697458316994	green
Unidade Avançada Carlos Chagas	2023-09-30	41.577380952380956	40.759778911564624	14.037576466900322	0.05573773171523966	orange
Unidade Avançada Carlos Chagas	2023-10-07	43.797619047619044	40.1594387755102	13.277659283323134	0.28442565697083727	orange
Unidade Avançada Carlos Chagas	2023-10-14	32.482142857142854	39.45549886621315	13.425226267627819	-0.5127974922442118	green
Unidade Avançada Carlos Chagas	2023-10-21	40.101190476190474	39.01516439909297	13.897318705262709	0.07595260791540816	orange
Unidade Avançada Carlos Chagas	2023-10-28	37.654761904761905	39.12202380952381	13.546865278788982	-0.10718936910543249	green
Unidade Avançada Carlos Chagas	2023-11-04	32.0	38.76488095238095	12.574603506362248	-0.5363342604008053	green
Unidade Avançada Carlos Chagas	2023-11-11	32.36413043478261	37.14664054027408	12.327261356150968	-0.38076308153994726	green
Unidade Avançada Carlos Chagas	2023-11-18	32.226190476190474	35.17605121758849	11.91505720471804	-0.23497882694637195	green
Unidade Avançada Carlos Chagas	2023-12-16	40.63095238095239	35.10745711328009	11.453785657524282	0.47951667933213943	orange
Unidade Avançada Carlos Chagas	2023-12-23	41.87619047619047	36.1451555259785	11.94591379209213	0.4765397701835449	orange
Unidade Avançada Carlos Chagas	2024-01-06	47.75	36.9106600611259	12.225074425820518	0.8791750151023913	red
Unidade Avançada Carlos Chagas	2024-01-13	43.63095238095239	38.85397071872227	12.576527225447824	0.3732480615798484	orange
Unidade Avançada Carlos Chagas	2024-01-20	40.75595238095237	40.524365325840485	12.263912144959638	0.011775823601817883	orange
Unidade Avançada Carlos Chagas	2024-01-27	47.892857142857146	42.660770975056685	12.263437755792859	0.416725885252863	orange
Unidade Avançada Carlos Chagas	2024-02-03	45.905538302277435	44.24329093956423	12.578188798121971	0.12383988793579415	orange
Unidade Avançada Carlos Chagas	2024-02-10	47.63095238095239	45.171104456275266	12.731755008392728	0.19266730955632433	orange
Unidade Avançada Carlos Chagas	2024-02-17	42.721790890269155	44.79598614808242	13.348636720895113	-0.16687419341098503	green
Unidade Avançada Carlos Chagas	2024-02-24	39.38095238095239	44.50733264320221	13.56683727796216	-0.3758078280147217	green
Unidade Avançada Carlos Chagas	2024-03-02	42.32142857142857	44.206312235038936	13.640924622359199	-0.13797942583547815	green
Unidade Avançada Carlos Chagas	2024-03-09	41.605331262939956	43.795665730060136	13.030144440490236	-0.16688028811300876	green
Unidade Avançada Carlos Chagas	2024-03-16	47.94047619047619	43.47666494133885	12.157756835045271	0.3699191478417408	orange
Unidade Avançada Carlos Chagas	2024-03-23	54.517857142857146	44.289355959775214	12.23993442323704	0.848859866134947	red
Unidade Avançada Carlos Chagas	2024-03-30	40.714285714285715	45.225075174997535	12.341731005973068	-0.36646651698035687	green
Unidade Avançada Carlos Chagas	2024-04-06	50.476190476190474	45.24757221729271	12.512917589768549	0.4118947844665221	red
Unidade Avançada Carlos Chagas	2024-04-13	50.625	46.892838657202006	12.397362702915029	0.2936750974204663	red
Unidade Avançada Carlos Chagas	2024-04-20	42.601190476190474	48.00827541161392	12.307687830376741	-0.43407526490584186	green
Unidade Avançada Carlos Chagas	2024-04-27	41.482142857142854	47.26729024943311	12.889282333864758	-0.44604026928647234	green
Unidade Avançada Carlos Chagas	2024-05-04	39.417960662525886	45.200994528246085	12.391205384488558	-0.46632418495558614	green
Unidade Avançada Carlos Chagas	2024-05-11	42.36309523809524	44.28096963423051	11.499891260787953	-0.16777759579468773	green
Unidade Avançada Carlos Chagas	2024-05-18	38.089285714285715	43.34375308094252	11.06872255538473	-0.46811650495419077	green
Unidade Avançada Carlos Chagas	2024-05-25	37.94047619047619	41.38853766144138	10.287784761028913	-0.3205566272936883	green
Unidade Avançada Carlos Chagas	2024-06-01	25.329710144927535	38.49621660258306	10.231925923474128	-1.2712552506751431	green
Unidade Avançada Carlos Chagas	2024-06-08	28.6917701863354	36.22683747412008	10.625457254772133	-0.6954854184035849	green
Unidade Avançada Carlos Chagas	2024-06-15	25.1832298136646	33.883823819382826	10.738150062137889	-0.8031139905717426	green
Unidade Avançada Carlos Chagas	2024-06-22	29.523809523809522	31.59846076111604	10.069607600254624	-0.19453729288136362	green
Unidade Avançada Carlos Chagas	2024-06-29	39.654761904761905	30.85483831213645	10.370608902946298	0.8391306436942848	red
Unidade Avançada Carlos Chagas	2024-07-06	44.00595238095239	31.485932416444843	11.325122740692617	1.0952210020219122	red
Unidade Avançada Carlos Chagas	2024-07-13	35.035714285714285	32.886331706595676	11.678616291418427	0.18171913394308373	orange
Unidade Avançada Carlos Chagas	2024-07-20	35.291666666666664	34.38615301192941	11.69997040878835	0.06934071026867497	orange
Unidade Avançada Carlos Chagas	2024-07-27	31.86309523809524	35.386023612343486	11.293301443507128	-0.3132162985365175	green
Unidade Avançada Carlos Chagas	2024-08-03	31.872153209109733	36.177838164251206	10.958776789553596	-0.39387082814575564	green
Unidade Avançada Carlos Chagas	2024-08-10	37.81547619047619	36.17228630582668	10.583583206492587	0.15787429875194894	orange
Unidade Avançada Carlos Chagas	2024-08-17	47.88095238095239	36.280846396529626	10.977805428818186	1.0492974226608178	red
Unidade Avançada Carlos Chagas	2024-08-24	51.8453081232493	38.43517646188911	12.584773361126086	1.0613987504318856	red
Unidade Avançada Carlos Chagas	2024-08-31	38.565109890109895	39.444014356021114	13.14813266280221	-0.06870516657378055	green
Unidade Avançada Carlos Chagas	2024-09-07	43.261387163561075	41.28060599936742	12.855765858894044	0.1526396073733652	orange
Unidade Avançada Carlos Chagas	2024-09-14	36.964285714285715	42.52209027423679	12.662788369071587	-0.4426758958326058	green
Unidade Avançada Carlos Chagas	2024-09-21	31.577380952380953	42.158452790257684	12.650258409504636	-0.8355905740070091	green
Unidade Avançada Carlos Chagas	2024-09-28	30.267857142857142	40.29223963833025	12.70338696186175	-0.7869597155229476	green
Unidade Avançada Carlos Chagas	2024-10-05	33.017857142857146	36.79791524190501	11.596391335275786	-0.30884911634724715	green
Unidade Avançada Carlos Chagas	2024-10-12	39.629273504273506	35.794108890304535	11.130680508532231	0.33044236326676224	orange
AMA SOROCABANA -PRONTO ATENDIMENTO	2023-07-15	39.05952380952381	35.00245181405896	12.32873628246383	0.31880068473788453	orange
AMA SOROCABANA -PRONTO ATENDIMENTO	2023-07-22	37.047619047619044	37.63521392628536	9.887817097221284	-0.030685772623061443	green
AMA SOROCABANA -PRONTO ATENDIMENTO	2023-07-29	38.827380952380956	37.91671810902724	9.054591131617524	0.1077801820568886	orange
AMA SOROCABANA -PRONTO ATENDIMENTO	2023-08-05	44.214285714285715	38.65680876844955	8.968505372091453	0.6163441090959101	orange
AMA SOROCABANA -PRONTO ATENDIMENTO	2023-08-12	48.976190476190474	40.80510578197934	9.7585178206952	0.8224865515954507	red
AMA SOROCABANA -PRONTO ATENDIMENTO	2023-08-26	52.982142857142854	42.67197509890236	10.668951791715228	0.9499765390614152	red
AMA SOROCABANA -PRONTO ATENDIMENTO	2023-09-02	53.375	44.75410997732426	11.198925259660433	0.7519541606624228	red
AMA SOROCABANA -PRONTO ATENDIMENTO	2023-09-09	47.51190476190476	47.088435374149654	11.565261173560689	0.03416492879535512	orange
AMA SOROCABANA -PRONTO ATENDIMENTO	2023-09-16	51.99404761904763	48.78018707482993	11.649708109649259	0.2666435848443132	red
AMA SOROCABANA -PRONTO ATENDIMENTO	2023-09-23	45.422619047619044	49.729024943310655	13.193665679670781	-0.3348658971925431	orange
AMA SOROCABANA -PRONTO ATENDIMENTO	2023-09-30	46.607142857142854	49.83999433106577	13.45498288475449	-0.23956857421635025	orange
AMA SOROCABANA -PRONTO ATENDIMENTO	2023-10-07	31.470238095238095	47.641865079365076	14.307587431548715	-1.1270422876440136	green
AMA SOROCABANA -PRONTO ATENDIMENTO	2023-10-14	25.309523809523814	43.557681405895686	15.376261536716843	-1.187544955390211	green
AMA SOROCABANA -PRONTO ATENDIMENTO	2023-10-21	25.482142857142858	39.195153061224495	15.482188021170554	-0.8824853425510083	green
AMA SOROCABANA -PRONTO ATENDIMENTO	2023-10-28	28.160714285714285	35.548469387755105	14.666233445356571	-0.49088851771666836	green
AMA SOROCABANA -PRONTO ATENDIMENTO	2023-11-04	28.11904761904762	32.586309523809526	11.883131814879931	-0.3652819162126318	green
AMA SOROCABANA -PRONTO ATENDIMENTO	2023-11-11	29.779761904761905	29.346371882086167	8.53295594976853	0.04494394327312793	orange
AMA SOROCABANA -PRONTO ATENDIMENTO	2023-11-18	34.306277056277054	28.189265099979387	7.099423527643123	0.8388109309729117	red
AMA SOROCABANA -PRONTO ATENDIMENTO	2023-12-16	48.029761904761905	30.654220779220783	9.476900564000777	1.8065654655590173	red
AMA SOROCABANA -PRONTO ATENDIMENTO	2023-12-23	53.55399659863946	34.792795852107076	12.408844812670031	1.4826357878206076	red
AMA SOROCABANA -PRONTO ATENDIMENTO	2024-01-06	49.80952380952381	38.98705808080808	13.680532349801696	0.7834558901039443	red
AMA SOROCABANA -PRONTO ATENDIMENTO	2024-01-13	41.047619047619044	41.90783472479901	13.456881907230303	-0.06992493493843248	green
AMA SOROCABANA -PRONTO ATENDIMENTO	2024-01-20	44.511904761904766	43.91350365903937	12.481101374335463	0.048919576665563035	orange
AMA SOROCABANA -PRONTO ATENDIMENTO	2024-01-27	46.375	46.313665996701715	11.19489799828217	0.011333860873920857	orange
AMA SOROCABANA -PRONTO ATENDIMENTO	2024-02-03	39.95833333333333	46.65525793650794	11.053027193351804	-0.603392544842369	green
AMA SOROCABANA -PRONTO ATENDIMENTO	2024-02-10	42.105442176870746	44.947218172983476	10.904304847029206	-0.2562146456710986	green
AMA SOROCABANA -PRONTO ATENDIMENTO	2024-02-17	37.845238095238095	42.413548752834465	10.944847151956058	-0.4091115882130083	green
AMA SOROCABANA -PRONTO ATENDIMENTO	2024-02-24	45.45729813664597	42.23225993295869	10.67502553291081	0.3005294938361739	orange
AMA SOROCABANA -PRONTO ATENDIMENTO	2024-03-02	45.029761904761905	42.95206669624372	10.736135441614309	0.18941326767384756	orange
AMA SOROCABANA -PRONTO ATENDIMENTO	2024-03-09	48.925000000000004	43.04305309080154	10.757282285719503	0.5424007438706756	orange
AMA SOROCABANA -PRONTO ATENDIMENTO	2024-03-16	53.783126293995856	44.27285689638175	10.883855406817052	0.8650248067770497	red
AMA SOROCABANA -PRONTO ATENDIMENTO	2024-03-23	49.80357142857143	46.39111139279728	10.827004142696643	0.3185865623198286	orange
AMA SOROCABANA -PRONTO ATENDIMENTO	2024-03-30	43.98809523809524	48.18502538696638	9.47627096511455	-0.4457424427456949	green
AMA SOROCABANA -PRONTO ATENDIMENTO	2024-04-06	51.50595238095239	48.35625184856551	9.446337280028064	0.32976548006583833	red
AMA SOROCABANA -PRONTO ATENDIMENTO	2024-04-13	54.13095238095239	49.53142807847777	9.64446011243147	0.4656412434103091	red
AMA SOROCABANA -PRONTO ATENDIMENTO	2024-04-20	54.94642857142857	51.31983510795623	9.622775151220091	0.38131432845719865	red
AMA SOROCABANA -PRONTO ATENDIMENTO	2024-04-27	56.56547619047619	51.7552807354826	10.10295514266527	0.47181039370624983	red
AMA SOROCABANA -PRONTO ATENDIMENTO	2024-05-04	53.07738095238095	52.092403628117914	10.352249087913167	0.0936850354562689	red
AMA SOROCABANA -PRONTO ATENDIMENTO	2024-05-11	51.523809523809526	52.971655328798185	10.005974680744028	-0.1594053047852518	red
AMA SOROCABANA -PRONTO ATENDIMENTO	2024-05-18	44.422619047619044	53.10515873015873	9.806638339728325	-0.8865184706082132	green
AMA SOROCABANA -PRONTO ATENDIMENTO	2024-05-25	43.94642857142857	51.584892290249435	9.980760239062873	-0.7617589158647888	green
AMA SOROCABANA -PRONTO ATENDIMENTO	2024-06-01	35.648033126293996	48.684486838213545	10.668656440475393	-1.2144333199060502	green
AMA SOROCABANA -PRONTO ATENDIMENTO	2024-06-08	35.38690476190476	45.463589421275756	10.745055548010598	-0.9209695554840331	green
AMA SOROCABANA -PRONTO ATENDIMENTO	2024-06-15	34.52465986394558	42.23225641188152	9.911514872637365	-0.7707563128708236	green
AMA SOROCABANA -PRONTO ATENDIMENTO	2024-06-22	35.113095238095234	39.1829771763778	8.762479547179181	-0.43734083578865224	green
AMA SOROCABANA -PRONTO ATENDIMENTO	2024-06-29	32.79761904761905	37.026372867987774	7.955211458677345	-0.5075347326959576	green
AMA SOROCABANA -PRONTO ATENDIMENTO	2024-07-06	40.851190476190474	35.80755200630977	8.040592176264203	0.6326835822382927	orange
AMA SOROCABANA -PRONTO ATENDIMENTO	2024-07-13	33.148809523809526	35.33635881888988	7.988104854430476	-0.27212083020830524	green
AMA SOROCABANA -PRONTO ATENDIMENTO	2024-07-20	35.43638245812159	35.37835038494976	7.909239097609407	0.005685648981339371	orange
AMA SOROCABANA -PRONTO ATENDIMENTO	2024-07-27	36.86309523809524	35.42282759141677	8.077956455243854	0.17797307571737825	orange
AMA SOROCABANA -PRONTO ATENDIMENTO	2024-08-03	32.07142857142857	35.478200931228876	8.459571031027618	-0.40382846123679716	green
AMA SOROCABANA -PRONTO ATENDIMENTO	2024-08-10	39.42857142857143	35.64628483145564	8.776345745711359	0.41301048320778605	orange
AMA SOROCABANA -PRONTO ATENDIMENTO	2024-08-17	44.535714285714285	36.566778028734554	8.935234927257103	0.8783435344151374	red
AMA SOROCABANA -PRONTO ATENDIMENTO	2024-08-24	40.93208629605688	37.86092517477245	9.212398549548707	0.33197018568538395	orange
AMA SOROCABANA -PRONTO ATENDIMENTO	2024-08-31	40.187324929971986	38.51233445009706	9.660480051436428	0.1708490142001355	orange
AMA SOROCABANA -PRONTO ATENDIMENTO	2024-09-07	41.00388198757764	39.49627104186156	9.885377704435674	0.14753412756446568	orange
AMA SOROCABANA -PRONTO ATENDIMENTO	2024-09-14	43.31884057971014	40.723595304900115	9.684442567750253	0.2606596468206352	orange
AMA SOROCABANA -PRONTO ATENDIMENTO	2024-09-21	38.0	41.56617762768429	9.126480897726218	-0.3859937962203829	green
AMA SOROCABANA -PRONTO ATENDIMENTO	2024-09-28	39.785714285714285	41.30030461181128	9.326991585590232	-0.16609029189365154	green
AMA SOROCABANA -PRONTO ATENDIMENTO	2024-10-05	42.35374149659864	40.656323484561845	9.656575493223437	0.1721641191534335	orange
AMA SOROCABANA -PRONTO ATENDIMENTO	2024-10-12	35.427350427350426	40.66456623526408	9.747105028717128	-0.5402562998447112	green
UPA Paulista - Unidade de Pronto Atendimento	2023-07-15	52.976190476190474	51.81187641723356	8.561050800186035	0.0905052658907168	red
UPA Paulista - Unidade de Pronto Atendimento	2023-07-22	45.20833333333333	50.15039814682672	7.710163469860008	-0.624105550678342	orange
UPA Paulista - Unidade de Pronto Atendimento	2023-07-29	47.976190476190474	48.89104121911923	6.585389369727358	-0.14029895720773897	orange
UPA Paulista - Unidade de Pronto Atendimento	2023-08-05	54.55357142857143	49.2515258219179	6.334325128587109	0.8228746357170837	red
UPA Paulista - Unidade de Pronto Atendimento	2023-08-12	56.91666666666667	51.24419075936953	7.7447281796602	0.750405244699051	red
UPA Paulista - Unidade de Pronto Atendimento	2023-08-26	62.63690476190476	52.7098776910658	9.189119020864526	1.073532290066537	red
UPA Paulista - Unidade de Pronto Atendimento	2023-09-02	61.922619047619044	53.89951814058957	9.949585037960972	0.7887571688617587	red
UPA Paulista - Unidade de Pronto Atendimento	2023-09-09	59.44047619047619	56.446853741496604	10.131037637878354	0.28922574783386895	red
UPA Paulista - Unidade de Pronto Atendimento	2023-09-16	63.464285714285715	58.52579365079365	10.059461812254037	0.483460728726641	red
UPA Paulista - Unidade de Pronto Atendimento	2023-09-23	57.51309523809523	59.77269791974761	12.307823655767034	-0.1969643169208355	red
UPA Paulista - Unidade de Pronto Atendimento	2023-09-30	56.648809523809526	60.32361111111111	12.404964967288347	-0.30103071987599556	red
UPA Paulista - Unidade de Pronto Atendimento	2023-10-07	44.61309523809524	58.543140589569155	12.67672164829671	-1.0956169983564819	green
UPA Paulista - Unidade de Pronto Atendimento	2023-10-14	37.50595238095239	55.30929705215419	13.849359320907045	-1.2847547447940078	green
UPA Paulista - Unidade de Pronto Atendimento	2023-10-21	45.375	51.53336167800454	14.384479155966705	-0.4227987006046231	orange
UPA Paulista - Unidade de Pronto Atendimento	2023-10-28	46.875	49.40014172335601	13.50835885319166	-0.1802010504206414	orange
UPA Paulista - Unidade de Pronto Atendimento	2023-11-04	48.363095238095234	47.87475105984423	10.802419029707758	0.021514112549244204	orange
UPA Paulista - Unidade de Pronto Atendimento	2023-11-11	48.702380952380956	45.58375850340136	8.605021954513319	0.3819598897498169	orange
UPA Paulista - Unidade de Pronto Atendimento	2023-11-18	44.99404761904761	45.182681405895686	8.374655856333964	-0.02232032919876051	green
UPA Paulista - Unidade de Pronto Atendimento	2023-12-16	46.13095238095239	46.00892857142857	8.25370332767719	0.010967608934881277	orange
UPA Paulista - Unidade de Pronto Atendimento	2023-12-23	51.06428571428571	47.21201814058957	7.79489184088803	0.4830647221278284	red
UPA Paulista - Unidade de Pronto Atendimento	2024-01-06	56.67857142857143	48.91958616780045	8.921435738415045	0.8673878125552549	red
UPA Paulista - Unidade de Pronto Atendimento	2024-01-13	47.32142857142857	49.18361678004535	8.379236653565815	-0.21874094926592377	orange
UPA Paulista - Unidade de Pronto Atendimento	2024-01-20	56.386904761904766	49.72712585034014	8.600329634748805	0.76507921403571	red
UPA Paulista - Unidade de Pronto Atendimento	2024-01-27	55.535714285714285	51.454450113378684	8.760934630751404	0.45563851718412723	red
UPA Paulista - Unidade de Pronto Atendimento	2024-02-03	53.11904761904761	52.94750566893424	8.504974646206232	0.012812874061534705	red
UPA Paulista - Unidade de Pronto Atendimento	2024-02-10	52.33333333333333	53.71975623582767	8.227261540487016	-0.16500136077042832	red
UPA Paulista - Unidade de Pronto Atendimento	2024-02-17	52.779761904761905	52.62939342403628	8.078915158959557	0.003970671263181737	red
UPA Paulista - Unidade de Pronto Atendimento	2024-02-24	59.226190476190474	53.86848072562358	8.325291234656403	0.6292106495788331	red
UPA Paulista - Unidade de Pronto Atendimento	2024-03-02	57.54166666666667	55.27210884353742	8.097635348312323	0.29123654912137703	red
UPA Paulista - Unidade de Pronto Atendimento	2024-03-09	55.267857142857146	55.053146258503396	8.179032038858637	0.028437208483227172	red
UPA Paulista - Unidade de Pronto Atendimento	2024-03-16	57.714285714285715	55.38137755102041	8.444015620925017	0.26587553856483415	red
UPA Paulista - Unidade de Pronto Atendimento	2024-03-23	62.55952380952381	56.690051020408156	8.573443202778646	0.6707585359853316	red
UPA Paulista - Unidade de Pronto Atendimento	2024-03-30	50.011904761904766	57.834750566893426	8.498876292997789	-0.9067899824486485	red
UPA Paulista - Unidade de Pronto Atendimento	2024-04-06	52.26190476190476	56.36111111111111	9.30623844383235	-0.43670176127284155	red
UPA Paulista - Unidade de Pronto Atendimento	2024-04-13	53.44642857142857	55.25892857142857	9.40833609110115	-0.18947585940583464	red
UPA Paulista - Unidade de Pronto Atendimento	2024-04-20	54.220238095238095	55.35218253968254	9.25047802213602	-0.11869605148742778	red
UPA Paulista - Unidade de Pronto Atendimento	2024-04-27	55.702380952380956	55.01275510204082	9.0157811137222	0.08270791857790595	red
UPA Paulista - Unidade de Pronto Atendimento	2024-05-04	51.1935817805383	53.61148698609879	8.732088918702454	-0.266810808278328	red
UPA Paulista - Unidade de Pronto Atendimento	2024-05-11	58.660714285714285	53.475432564330085	8.191352962579588	0.6271216896910471	red
UPA Paulista - Unidade de Pronto Atendimento	2024-05-18	53.32142857142857	54.37480898156364	8.065594908549398	-0.12949326911541012	red
UPA Paulista - Unidade de Pronto Atendimento	2024-05-25	47.577380952380956	54.14975229222124	7.954256551252045	-0.813247872572125	orange
UPA Paulista - Unidade de Pronto Atendimento	2024-06-01	34.32846320346321	51.346374122771635	9.79767393115429	-1.7365395267106363	green
UPA Paulista - Unidade de Pronto Atendimento	2024-06-08	37.976190476190474	48.31815829098438	10.83754948601908	-0.9505795615130156	green
UPA Paulista - Unidade de Pronto Atendimento	2024-06-15	40.779761904761905	46.09938672438672	10.95717468318566	-0.48018227705703626	green
UPA Paulista - Unidade de Pronto Atendimento	2024-06-22	44.92857142857143	44.072601010101	9.732267247857235	0.09017965876296119	orange
UPA Paulista - Unidade de Pronto Atendimento	2024-06-29	42.63095238095239	42.22552051123479	7.991659222298661	0.06038374461886191	orange
UPA Paulista - Unidade de Pronto Atendimento	2024-07-06	40.60119047619048	40.45482890125747	6.847549624277307	0.04572003385386947	orange
UPA Paulista - Unidade de Pronto Atendimento	2024-07-13	37.458333333333336	40.48538961038961	6.215701235109431	-0.48953719176749094	green
UPA Paulista - Unidade de Pronto Atendimento	2024-07-20	35.952380952380956	40.60076530612245	6.103095806583549	-0.7448297241684969	green
UPA Paulista - Unidade de Pronto Atendimento	2024-07-27	37.57142857142857	40.092120181405896	6.299859806241561	-0.3969782904005709	green
UPA Paulista - Unidade de Pronto Atendimento	2024-08-03	32.16666666666667	38.64654195011338	5.9508981619926695	-1.0930874454819255	green
UPA Paulista - Unidade de Pronto Atendimento	2024-08-10	48.11796536796537	38.244704700061845	7.305746734008375	1.3282654506532094	red
UPA Paulista - Unidade de Pronto Atendimento	2024-08-17	56.63690476190476	40.12170171098743	9.223043661632135	1.7787331869902772	red
UPA Paulista - Unidade de Pronto Atendimento	2024-08-24	59.96008403361345	43.617249930275136	12.455223302337235	1.3175824607861781	red
UPA Paulista - Unidade de Pronto Atendimento	2024-08-31	46.91456582633053	45.85757105872652	13.280110315741839	0.0797647181301762	orange
UPA Paulista - Unidade de Pronto Atendimento	2024-09-07	49.672619047619044	48.145878048188976	12.56098417727514	0.1203715605498065	orange
UPA Paulista - Unidade de Pronto Atendimento	2024-09-14	45.047619047619044	50.10534516837038	11.249018925044316	-0.46615823420568386	orange
UPA Paulista - Unidade de Pronto Atendimento	2024-09-21	44.970238095238095	50.76214273588223	9.742042074227514	-0.592994642004654	green
UPA Paulista - Unidade de Pronto Atendimento	2024-09-28	46.30952380952381	49.7672318927571	9.59564535283504	-0.3678443967043304	orange
UPA Paulista - Unidade de Pronto Atendimento	2024-10-05	47.13095238095239	47.396400226757365	7.844292550483604	0.0030439104171043896	orange
UPA Paulista - Unidade de Pronto Atendimento	2024-10-12	55.55952380952382	47.51242719309946	6.370865270578858	1.2654760093020834	red
UPA Vergueiro	2023-07-15	43.75	42.43839285714286	10.51556464340382	0.05886330469671397	orange
UPA Vergueiro	2023-07-22	37.547619047619044	41.27842321369106	8.91612638327893	-0.3989747797354984	green
UPA Vergueiro	2023-07-29	43.23809523809524	41.247608239202115	7.959838174489438	0.23643700131287657	orange
UPA Vergueiro	2023-08-05	53.4345238095238	42.59944207171174	8.571878377144445	1.1959591616238394	red
UPA Vergueiro	2023-08-12	60.095238095238095	46.605629299449575	11.428133246661977	1.1844539510202985	red
UPA Vergueiro	2023-08-26	59.64699792960663	49.058446545103024	12.546716007113679	0.8369841379378815	red
UPA Vergueiro	2023-09-02	51.922619047619044	50.37427289756482	12.238132817937025	0.12215384117257629	red
UPA Vergueiro	2023-09-09	50.035714285714285	52.351738883959385	11.109405003340196	-0.21209781565310312	red
UPA Vergueiro	2023-09-16	50.67857142857143	53.67571847579611	10.629511005758067	-0.2884054602881729	red
UPA Vergueiro	2023-09-23	48.726190476190474	53.815741151533075	12.30277954006479	-0.4383912077479608	orange
UPA Vergueiro	2023-09-30	49.898809523809526	52.58813344178252	12.2572457750925	-0.21853853290787242	orange
UPA Vergueiro	2023-10-07	46.047619047619044	50.194160997732425	11.713007805668022	-0.34016701177956316	orange
UPA Vergueiro	2023-10-14	42.232142857142854	48.65745464852608	11.669660604055483	-0.548141620770712	green
UPA Vergueiro	2023-10-21	43.160714285714285	47.182397959183675	11.734316135187731	-0.3412578175677937	green
UPA Vergueiro	2023-10-28	40.839285714285715	46.351190476190474	11.809712960314545	-0.4280197872178621	green
UPA Vergueiro	2023-11-04	16.62085921325052	42.60637878339742	13.63453990179237	-1.912039242143368	green
UPA Vergueiro	2023-11-11	15.154761904761903	36.334343882480525	15.138327734029279	-1.3971878300847969	green
UPA Vergueiro	2023-11-18	17.71972049689441	31.32877970028591	15.757025954541602	-0.8597239543464406	green
UPA Vergueiro	2023-12-16	58.91666666666667	31.327171448289466	18.24949713585623	1.541908838761937	red
UPA Vergueiro	2023-12-23	36.345238095238095	31.17765330769989	18.81787185826317	0.27701712985675186	orange
UPA Vergueiro	2024-01-06	36.82142857142857	30.207840382529827	17.731380618723858	0.37073452834060666	orange
UPA Vergueiro	2024-01-13	42.92857142857143	32.367476338361435	16.842711368445183	0.6246594853202705	orange
UPA Vergueiro	2024-01-20	65.06547619047619	39.04781622794045	17.727398952284474	1.4534903932649212	red
UPA Vergueiro	2024-01-27	80.17261904761905	48.82378857340037	18.57348781411426	1.6844591661068402	red
UPA Vergueiro	2024-02-03	77.02976190476191	54.67219387755102	19.89993401271629	1.126615287914986	red
UPA Vergueiro	2024-02-10	79.01870748299321	60.85864107547781	20.18804472523846	0.8950373417797738	red
UPA Vergueiro	2024-02-17	72.3961038961039	66.41593228200371	18.03882220033041	0.3567605789746885	red
UPA Vergueiro	2024-02-24	59.93452380952381	71.91026334776335	13.733189871389966	-0.9161429491649997	red
UPA Vergueiro	2024-03-02	54.422619047619044	71.60357400535972	13.144825138047011	-1.3025118056398157	red
UPA Vergueiro	2024-03-09	47.279761904761905	67.41366470830756	15.585143781824119	-1.291015025868527	orange
UPA Vergueiro	2024-03-16	52.55952380952381	62.5125876108019	15.803413058379702	-0.6233293395282049	red
UPA Vergueiro	2024-03-23	56.11904761904763	58.5666449480225	13.870140863918815	-0.16881109823940552	red
UPA Vergueiro	2024-03-30	50.137445887445885	55.59441352298495	12.325220930878832	-0.4510146767062208	red
UPA Vergueiro	2024-04-06	47.220238095238095	51.73889404246547	8.958180396017983	-0.49264743258355903	orange
UPA Vergueiro	2024-04-13	48.767857142857146	50.61531127602556	9.042473056654487	-0.19862291061741785	orange
UPA Vergueiro	2024-04-20	50.61904761904761	50.834982477839624	8.193392596102601	-0.012466984941572992	red
UPA Vergueiro	2024-04-27	54.851190476190474	51.09447794269223	8.233116354819119	0.4516811876780266	red
UPA Vergueiro	2024-05-04	51.25595238095239	50.90853689960833	8.35301696132496	0.039113889866248135	red
UPA Vergueiro	2024-05-11	49.773809523809526	50.42013244691816	7.9104816065185295	-0.08984494375942306	orange
UPA Vergueiro	2024-05-18	50.45833333333333	50.59183673469388	7.893173697564395	-0.016593391387826156	red
UPA Vergueiro	2024-05-25	39.476190476190474	50.2765022675737	7.9191583762598015	-1.350324622155305	green
UPA Vergueiro	2024-06-01	34.76863354037267	47.87503697131026	9.484335028788092	-1.3822950864436367	green
UPA Vergueiro	2024-06-08	32.63095238095239	44.94414867396234	9.877645674839798	-1.2386907018383433	green
UPA Vergueiro	2024-06-15	35.5	41.478304002760524	9.594838628880963	-0.6129239521076727	green
UPA Vergueiro	2024-06-22	43.43452380952381	39.56758971704624	8.49590586481672	0.46386444588009573	orange
UPA Vergueiro	2024-06-29	48.398809523809526	39.37399561273785	8.291472332445606	1.0789278745146824	red
UPA Vergueiro	2024-07-06	49.94047619047619	39.7779071773637	9.13723987742308	1.09114709002136	red
UPA Vergueiro	2024-07-13	49.43080651232825	42.0851057155405	9.737829488397931	0.7520736638052449	red
UPA Vergueiro	2024-07-20	45.48809523809524	44.36686911259893	9.229416906787325	0.10993267540735022	orange
UPA Vergueiro	2024-07-27	36.267857142857146	45.38642693572818	8.178052605399131	-1.1131760219757467	green
UPA Vergueiro	2024-08-03	30.589285714285715	44.39818997427693	9.07901490595645	-1.5181751621169435	green
UPA Vergueiro	2024-08-10	41.08333333333333	42.66817296747421	9.424806881486493	-0.1793645969923918	green
UPA Vergueiro	2024-08-17	47.01190476190476	41.685463216907316	8.933280707808992	0.6149884723456388	orange
UPA Vergueiro	2024-08-24	54.39248857437712	42.2992118905672	9.610819777749285	1.2589962417153622	red
UPA Vergueiro	2024-08-31	51.20674603174603	43.08923373442945	10.951400651567075	0.730956632862334	red
UPA Vergueiro	2024-09-07	46.66666666666667	44.5036422756237	11.132950959379786	0.19106133760367414	orange
UPA Vergueiro	2024-09-14	51.095238095238095	47.06515021213164	10.199773921412111	0.3816587918347519	red
UPA Vergueiro	2024-09-21	47.660714285714285	49.14267288786859	8.862087640797453	-0.1737127237790062	orange
UPA Vergueiro	2024-09-28	38.779761904761905	49.42881234365091	8.53016810066693	-1.205397057869213	green
UPA Vergueiro	2024-10-05	45.543219461697724	47.426737753326606	9.407836778076602	-0.20159646710992835	orange
UPA Vergueiro	2024-10-12	44.839285714285715	46.299033679494336	8.69215304005436	-0.12396100187829244	green
UPA Tito Lopes	2023-07-15	50.81547619047619	53.1015164399093	7.447348213001798	-0.3089822406428477	red
UPA Tito Lopes	2023-07-22	41.404761904761905	48.18692791996364	8.34584071064402	-0.8079307511695764	green
UPA Tito Lopes	2023-07-29	40.13690476190476	44.85827989456016	8.260401054825529	-0.569216785365681	green
UPA Tito Lopes	2023-08-05	54.82142857142857	45.46749595656816	8.72101837062105	1.0473367270186709	red
UPA Tito Lopes	2023-08-12	57.797619047619044	48.46956765934793	10.063485576751011	0.9354402838687165	red
UPA Tito Lopes	2023-08-26	63.35119047619048	50.67563960912862	11.380981676674223	1.1139308538897248	red
UPA Tito Lopes	2023-09-02	61.15476190476191	52.069586167800445	12.003328217687615	0.750899402683717	red
UPA Tito Lopes	2023-09-09	57.952380952380956	54.66014739229025	11.833501810689983	0.2648369246120263	red
UPA Tito Lopes	2023-09-16	58.660714285714285	57.80442176870748	9.94420071701179	0.04963885617571278	red
UPA Tito Lopes	2023-09-23	55.154761904761905	58.660856009070294	10.948962382047338	-0.3297771222669197	red
UPA Tito Lopes	2023-09-30	59.547619047619044	59.07950680272109	11.196663957971428	0.03778173976525066	red
UPA Tito Lopes	2023-10-07	51.035714285714285	57.9264455782313	10.898490105070726	-0.6231793777132077	red
UPA Tito Lopes	2023-10-14	47.422619047619044	56.14370748299319	11.02867725812266	-0.7853166888523516	orange
UPA Tito Lopes	2023-10-21	47.49560041407868	53.90086759341418	11.352151129358575	-0.5603572301352303	orange
UPA Tito Lopes	2023-10-28	46.357142857142854	51.917067189194526	11.260506330481778	-0.4912509650010465	orange
UPA Tito Lopes	2023-11-04	47.32142857142857	50.95448215518091	9.210609801742736	-0.40038869639992447	orange
UPA Tito Lopes	2023-11-11	41.987836438923395	48.113199990140984	7.455993722604888	-0.8203918763769684	green
UPA Tito Lopes	2023-11-18	45.357142857142854	46.34077689046633	6.875640904936803	-0.1263648893023158	orange
UPA Tito Lopes	2023-12-16	45.88690476190476	45.86855466824411	6.274238271220585	-0.00040411270243846865	orange
UPA Tito Lopes	2023-12-23	48.79166666666667	45.77565192743764	6.273838586408992	0.49872808356611387	orange
UPA Tito Lopes	2024-01-06	56.80357142857143	47.10256457655526	7.529947764628794	1.3039959740225018	red
UPA Tito Lopes	2024-01-13	54.839285714285715	48.39253056294982	7.909579223968579	0.8103911437955548	red
UPA Tito Lopes	2024-01-20	55.952380952380956	50.24174923592626	8.34741205433148	0.6660719559015291	red
UPA Tito Lopes	2024-01-27	57.523809523809526	52.62457482993197	7.876766618309634	0.6058764201734695	red
UPA Tito Lopes	2024-02-03	53.95833333333333	54.127409297052154	7.794998145695665	-0.028077867393851492	red
UPA Tito Lopes	2024-02-10	57.51371635610766	55.641193433895296	7.475398223958076	0.25855889309135643	red
UPA Tito Lopes	2024-02-17	52.404761904761905	54.99605023168688	8.164395070869428	-0.3570518749438195	red
UPA Tito Lopes	2024-02-24	58.034090909090914	55.78501127064792	8.54044199271441	0.26704129609537086	red
UPA Tito Lopes	2024-03-02	54.45833333333333	55.60221390927912	8.572440238676148	-0.13208307209549244	red
UPA Tito Lopes	2024-03-09	61.529761904761905	55.77880121086643	8.645619177089488	0.6637781192506846	red
UPA Tito Lopes	2024-03-16	64.05357142857143	57.012786471637405	8.750297409035996	0.7994191719356397	red
UPA Tito Lopes	2024-03-23	67.01319875776397	58.84214538911744	9.101912188079366	0.8942082739420981	red
UPA Tito Lopes	2024-03-30	59.65683229813664	61.04383621037347	8.059461788484567	-0.17822405182707887	red
UPA Tito Lopes	2024-04-06	59.69642857142857	61.08505361960331	8.122233580379854	-0.17216854810029053	red
UPA Tito Lopes	2024-04-13	54.80357142857143	61.15404712609681	8.002728800826317	-0.7898987495404034	red
UPA Tito Lopes	2024-04-20	57.16666666666667	61.01232377008774	8.317564105502045	-0.4431604083800287	red
UPA Tito Lopes	2024-04-27	57.797619047619044	60.01104825988366	8.689607980115262	-0.2557811533670314	red
UPA Tito Lopes	2024-05-04	59.95833333333333	58.551975500345065	7.8696613171485685	0.19081331723295789	red
UPA Tito Lopes	2024-05-11	58.166666666666664	58.09520112392783	7.473177340120204	0.0076833660512213775	red
UPA Tito Lopes	2024-05-18	47.154761904761905	56.57270408163265	7.865824828000102	-1.1867251193503194	orange
UPA Tito Lopes	2024-05-25	40.595238095238095	54.69897959183674	9.00442106146698	-1.5498081063415217	green
UPA Tito Lopes	2024-06-01	34.53726708074534	51.254467366656804	10.657740792945345	-1.5607443881471692	green
UPA Tito Lopes	2024-06-08	31.129399585921327	47.10420363797693	12.017209478811026	-1.324948513171249	green
UPA Tito Lopes	2024-06-15	34.69047619047619	42.804421768707485	11.998787310916084	-0.6624383172287927	green
UPA Tito Lopes	2024-06-22	37.75	38.81816893424036	8.142378857839079	-0.13448673561713367	green
UPA Tito Lopes	2024-06-29	38.077380952380956	36.67304421768707	5.9798964400747865	0.2502314383250573	orange
UPA Tito Lopes	2024-07-06	39.32142857142857	35.7468820861678	5.2530996179996805	0.6927015276799621	red
UPA Tito Lopes	2024-07-13	35.226190476190474	35.91956891452233	5.317890538813437	-0.11742768207033845	green
UPA Tito Lopes	2024-07-20	35.5	36.469350783791775	5.47723554119514	-0.1497344039836777	green
UPA Tito Lopes	2024-07-27	38.660714285714285	37.275510204081634	5.227209081801883	0.26772470910000506	orange
UPA Tito Lopes	2024-08-03	35.989093463472344	37.206107132293916	5.405221492692965	-0.22425130960171316	green
UPA Tito Lopes	2024-08-10	45.976190476190474	37.90110174504584	6.5252583299266655	1.2246470408039463	red
UPA Tito Lopes	2024-08-17	51.375	39.710058661145624	8.107945072932111	1.4378632542850969	red
UPA Tito Lopes	2024-08-24	52.75625763125763	42.27110872219568	9.894557892813442	1.0556328564407225	red
UPA Tito Lopes	2024-08-31	48.67619047619048	44.24109026182008	10.4057940851241	0.417340488841341	orange
UPA Tito Lopes	2024-09-07	49.29451345755694	46.61127659722381	9.814743382373594	0.26991945002844375	orange
UPA Tito Lopes	2024-09-14	45.91666666666667	48.388858955218765	8.682772160496645	-0.30574099724185216	orange
UPA Tito Lopes	2024-09-21	42.392857142857146	48.74275890028996	8.021548585157976	-0.785232323069022	green
UPA Tito Lopes	2024-09-28	39.107142857142854	47.243042347001975	8.591285579255425	-0.9334632145116855	green
UPA Tito Lopes	2024-10-05	38.61309523809524	44.7473267530721	8.527594337917092	-0.6918104033122202	green
UPA Tito Lopes	2024-10-12	43.79960317460317	44.12222427618391	7.694365634582948	-0.03520589812009763	green
UPA Vila Santa Catarina	2023-07-15	53.232142857142854	57.6265164399093	7.709835243326136	-0.5616247514924109	red
UPA Vila Santa Catarina	2023-07-22	35.55952380952381	47.19837211399711	13.176924460224967	-0.8790145830498843	green
UPA Vila Santa Catarina	2023-07-29	41.341873706004144	43.76261767531192	11.646993530681959	-0.2041779551496911	green
UPA Vila Santa Catarina	2023-08-05	47.25	43.65239588980115	10.581662617696905	0.34701339076065	orange
UPA Vila Santa Catarina	2023-08-12	62.07738095238095	46.65849825105205	11.912236535856165	1.3030576660463156	red
UPA Vila Santa Catarina	2023-08-26	68.30357142857143	50.14494371194083	13.94445061775759	1.3098007077831748	red
UPA Vila Santa Catarina	2023-09-02	63.613095238095234	51.648532238982554	14.463309580052238	0.822546827771842	red
UPA Vila Santa Catarina	2023-09-09	60.80357142857143	55.683396184560785	13.753363716378034	0.35038490887689827	red
UPA Vila Santa Catarina	2023-09-16	66.48214285714286	59.48423173617273	12.085608824598017	0.5674376702866418	red
UPA Vila Santa Catarina	2023-09-23	56.297619047619044	61.95719954648526	11.999608945574328	-0.4629721670699369	red
UPA Vila Santa Catarina	2023-09-30	54.81262939958593	62.49101597160604	11.64752405902406	-0.6507787514634771	red
UPA Vila Santa Catarina	2023-10-07	41.898809523809526	59.02418539879721	12.802432840019	-1.332541661388963	green
UPA Vila Santa Catarina	2023-10-14	42.75	55.69963891353643	13.752855941633573	-0.9391610295192508	green
UPA Vila Santa Catarina	2023-10-21	46.0	52.182348664103316	13.669485029803072	-0.4479090369098793	orange
UPA Vila Santa Catarina	2023-10-28	46.25	49.50278517203983	12.470857918764903	-0.2491395122325733	orange
UPA Vila Santa Catarina	2023-11-04	43.327380952380956	47.594905353445725	9.552598841850068	-0.4962147882860202	green
UPA Vila Santa Catarina	2023-11-11	43.610248447204974	44.370403233757266	7.395114912437682	-0.08040455113166903	green
UPA Vila Santa Catarina	2023-11-18	45.18452380952381	44.08838607906931	7.005271715663406	0.13301185300901167	orange
UPA Vila Santa Catarina	2023-12-16	52.625	45.19850512668836	7.540356306935929	0.9731483161781104	red
UPA Vila Santa Catarina	2023-12-23	56.23571428571429	47.06032485457951	8.445170152760694	1.0757747912310087	red
UPA Vila Santa Catarina	2024-01-06	58.863095238095234	49.48552326727793	10.141064619767109	0.9357221010625884	red
UPA Vila Santa Catarina	2024-01-13	47.79761904761905	50.24884526274277	9.952189355599879	-0.26173444510807437	orange
UPA Vila Santa Catarina	2024-01-20	49.642857142857146	51.29851621808143	9.080036061945766	-0.1838697183546292	orange
UPA Vila Santa Catarina	2024-01-27	48.69642857142857	52.29778911564625	8.415259305963463	-0.4400051800014589	orange
UPA Vila Santa Catarina	2024-02-03	49.92261904761905	52.47253401360545	8.311391448308052	-0.28691055379978253	orange
UPA Vila Santa Catarina	2024-02-10	48.095238095238095	51.22735260770975	8.639343243058322	-0.3702303026332468	orange
UPA Vila Santa Catarina	2024-02-17	44.61904761904761	48.44019274376417	7.77262478829195	-0.4733821284453092	green
UPA Vila Santa Catarina	2024-02-24	52.57142857142857	48.596797052154194	8.056055842150071	0.4946389226707955	red
UPA Vila Santa Catarina	2024-03-02	52.86309523809524	49.42559523809524	8.107080884068266	0.43363895788365314	red
UPA Vila Santa Catarina	2024-03-09	50.982142857142854	49.727607709750565	8.242841944148246	0.14863030258322782	red
UPA Vila Santa Catarina	2024-03-16	53.17857142857143	49.69401927437641	7.884449476763442	0.4468294328875969	red
UPA Vila Santa Catarina	2024-03-23	59.63582251082251	51.539811379097095	7.957216722932726	1.0233170159885792	red
UPA Vila Santa Catarina	2024-03-30	46.57375776397515	53.075549192008815	7.178443297828022	-0.8861403082460708	orange
UPA Vila Santa Catarina	2024-04-06	49.48809523809524	52.24893231337331	7.591317731935689	-0.35391647605461735	orange
UPA Vila Santa Catarina	2024-04-13	51.3610248447205	51.71740810948886	8.122471531726703	-0.04642983366825477	red
UPA Vila Santa Catarina	2024-04-20	47.33333333333333	51.7103219416884	8.046888498182595	-0.5197587734428138	orange
UPA Vila Santa Catarina	2024-04-27	51.470238095238095	51.437221034658926	8.401177971286135	0.00472462601123239	red
UPA Vila Santa Catarina	2024-05-04	50.45833333333333	49.86056158299947	7.66498253641018	0.10777566149212288	red
UPA Vila Santa Catarina	2024-05-11	55.24404761904761	50.11804939367051	7.379745081068263	0.6759617653402065	red
UPA Vila Santa Catarina	2024-05-18	50.660714285714285	50.985057428768606	7.227106990333425	-0.050902758942827066	red
UPA Vila Santa Catarina	2024-05-25	50.30357142857143	51.171768707483	6.460169438991393	-0.13232828218609774	red
UPA Vila Santa Catarina	2024-06-01	39.256211180124225	49.8564465641329	7.261798831218791	-1.4538122167073233	green
UPA Vila Santa Catarina	2024-06-08	41.09743107769424	48.41477788674585	7.711673560613425	-0.9436403609893312	green
UPA Vila Santa Catarina	2024-06-15	42.73809523809524	47.45363992278834	8.067387485319061	-0.575003727363665	green
UPA Vila Santa Catarina	2024-06-22	43.422619047619044	45.38113918336213	7.624424036456989	-0.25750430955017295	green
UPA Vila Santa Catarina	2024-06-29	40.88690476190476	43.619314525962935	6.712270191586335	-0.392604021376965	green
UPA Vila Santa Catarina	2024-07-06	41.16666666666667	41.90871361893346	5.96941838380454	-0.10036841898486479	green
UPA Vila Santa Catarina	2024-07-13	35.398809523809526	41.041070909675845	5.826024572915478	-0.9644284577249878	green
UPA Vila Santa Catarina	2024-07-20	37.92184265010352	40.53166495431124	6.224950373037484	-0.41646782216114764	green
UPA Vila Santa Catarina	2024-07-27	41.767857142857146	39.90888420585626	5.655777956654268	0.3411351520527729	orange
UPA Vila Santa Catarina	2024-08-03	33.47308488612837	39.15930321403924	5.91764758519427	-0.9454488117738636	green
UPA Vila Santa Catarina	2024-08-10	47.464285714285715	39.10451173222912	7.316425761472272	1.1329092909032592	red
UPA Vila Santa Catarina	2024-08-17	57.77380952380952	40.97256728778468	9.559351711555365	1.7223688316274541	red
UPA Vila Santa Catarina	2024-08-24	56.341536614645854	44.54964335630733	11.71583634625905	1.0105953935009209	red
UPA Vila Santa Catarina	2024-08-31	46.05889724310777	46.20412955418628	12.131885684578831	-0.014956668335149356	orange
UPA Vila Santa Catarina	2024-09-07	50.42857142857143	47.803749722619784	12.225500362148916	0.2124397711451965	red
UPA Vila Santa Catarina	2024-09-14	50.238095238095234	50.201228279259844	11.096567456792275	-0.011327335759060324	red
UPA Vila Santa Catarina	2024-09-21	44.297619047619044	50.9452820601925	9.76106497340969	-0.6799410494452338	green
UPA Vila Santa Catarina	2024-09-28	46.30952380952381	49.99956210554397	8.967937821000792	-0.41083245518350164	orange
UPA Vila Santa Catarina	2024-10-05	47.41666666666667	47.59099510731611	8.960241001371633	0.01572153266697173	orange
UPA Vila Santa Catarina	2024-10-12	46.93650793650793	48.10357739587062	7.784447920802961	-0.14808589164868247	orange
